Year,Month,Inflation_Value,dollar_index,us_dollar,pound,indian_rupee,south_african_rand,australian_dollar
1979,1,9.3,86.239,227.2909091,113.3272727,1852.859091,197.0181818,198.6
1979,2,9.9,87.082,245.69,122.555,2010.37,209.86,216.65
1979,3,10.1,87.28,242.0636364,118.7954545,1974.931818,204.3590909,215.9454545
1979,4,10.5,88.228,238.6857143,115.1380952,1956.809524,202.347619,215.4142857
1979,5,10.9,89.27,257.8,125.2304348,2119.934783,217.6956522,233.1652174
1979,6,10.9,89.457,279.0857143,132.1380952,2248.895238,235.5809524,251.1238095
1979,7,11.3,87.811,294.7636364,130.4863636,2309.7,248.5227273,261.4318182
1979,8,11.8,88.261,301.4478261,134.7608696,2414.847826,252.426087,267.1521739
1979,9,12.2,88.291,355.13,161.63,2865.035,294.6,314.715
1979,10,12.1,89.181,391.6608696,182.626087,3203.965217,323.8347826,350.9086957
1979,11,12.6,90.29,392.0136364,183.7227273,3183.463636,324.3136364,357.9272727
1979,12,13.3,89.588,461.2380952,209.5095238,3746.047619,383.4285714,420.2571429
1980,1,13.9,88.874,668.2130435,295.0956522,5307.230435,547.9086957,601.7652174
1980,2,14.2,89.674,665.3333333,290.4904762,5286.738095,541.7714286,602.6761905
1980,3,14.8,92.483,553.5952381,250.7238095,4511.466667,448.752381,508
1980,4,14.7,93.206,514.5454545,233.05,4152.868182,415.6090909,471.8590909
1980,5,14.4,90.264,513.6590909,223.0409091,4050.045455,406,454.3909091
1980,6,14.4,88.923,600.7238095,257.047619,4711.12381,465.7,520.6666667
1980,7,13.1,88.042,644.2956522,271.5521739,5012.43913,493.6391304,556.8
1980,8,12.9,88.758,627.7428571,264.7714286,4871.795238,476.8333333,541.7142857
1980,9,12.6,88.136,673.6409091,280.4727273,5211.140909,507.4045455,575.6409091
1980,10,12.8,88.309,661.1608696,273.6478261,5112.313043,496.9043478,563.673913
1980,11,12.6,89.753,623.475,260.23,4833.675,468.27,534.185
1980,12,12.5,90.621,595.7,253.3652174,4708.191304,449.0043478,510.4173913
1981,1,11.8,89.747,560.35,233.1681818,4448.540909,419.5136364,474.7272727
1981,2,11.4,92.14,499.775,217.935,4110.24,387.96,431.665
1981,3,10.5,92.302,498.7818182,223.2636364,4093.068182,394.8545455,429.25
1981,4,10,93.886,494.6090909,227.2363636,4095.086364,401.5045455,429.4409091
1981,5,9.8,96.383,479.7619048,229.6238095,4028.595238,402.2095238,420.7238095
1981,6,9.6,98.347,460.7772727,233.3590909,3968.227273,399.5045455,403.4636364
1981,7,10.8,100.453,408.9652174,218.1826087,3630.630435,377.1521739,357.873913
1981,8,10.8,101.942,410.8809524,225.5238095,3710.519048,390.1571429,360.547619
1981,9,11,99.947,443.7636364,244.4409091,4039.090909,420.1454545,386.25
1981,10,10.1,99.181,437.7727273,237.6863636,3998.609091,418.2,382.6636364
1981,11,9.6,97.46,413.3904762,217.4047619,3766.77619,397.8571429,361.0095238
1981,12,8.9,97.197,408.3,214.5652174,3743.178261,396.7043478,361.273913
1982,1,8.4,98.191,384.7809524,203.8333333,3512.604762,371.4857143,345.4285714
1982,2,7.6,100.965,374.16,202.585,3440.46,367.085,345.015
1982,3,6.8,103.216,330.273913,182.7956522,3064.669565,337.1565217,311.5608696
1982,4,6.5,103.7,350.4636364,197.9636364,3274.554545,369.1272727,333.2136364
1982,5,6.7,102.522,334.7380952,185.0904762,3115.495238,356.6238095,316.2952381
1982,6,7.1,106.916,315.0090909,179.1818182,2969.986364,351.0590909,304.8045455
1982,7,6.4,108.478,338.9954545,195.2954545,3224.763636,387.3636364,334.2045455
1982,8,5.9,110.309,366.6954545,212.1681818,3496.245455,420.7590909,374.1181818
1982,9,5,110.839,437.3318182,255.3363636,4223.604545,503.9272727,456.7636364
1982,10,5.1,110.974,422.1666667,248.747619,4094.02381,489.8761905,447.8809524
1982,11,4.6,110.041,414.9318182,254.0318182,4050.072727,472.8272727,440.1363636
1982,12,3.8,107.047,445.0608696,275.3391304,4301.926087,482.7086957,459.5434783
1983,1,3.7,106.255,480.1380952,304.9809524,4695.585714,511.6190476,488.5857143
1983,2,3.5,107.158,491.22,320.565,4880.15,541.515,510.325
1983,3,3.6,107.724,419.7130435,281.6521739,4183.595652,458.8130435,476.4869565
1983,4,3.9,109.066,431.1809524,280.6238095,4289.485714,471.547619,496.752381
1983,5,3.5,109.292,437.6090909,278.1227273,4360.436364,473.0636364,497.1409091
1983,6,2.6,110.775,412.8590909,266.7818182,4153.268182,451.2045455,471.4136364
1983,7,2.5,111.495,422.7428571,276.7380952,4255.114286,463.5285714,482.7428571
1983,8,2.6,113.021,416.2913043,277.026087,4232.952174,464.8434783,473.1521739
1983,9,2.9,113.237,411.8318182,274.7090909,4204.613636,458.8772727,464.5409091
1983,10,2.9,112.013,393.5952381,262.7952381,4021.871429,443.2904762,431.152381
1983,11,3.3,112.923,381.6818182,258.35,3949.940909,451.8227273,415.9318182
1983,12,3.8,113.845,386.8045455,269.6727273,4055.5,471.7909091,429.45
1984,1,4.2,114.606,371.4409091,263.3181818,3968.168182,465.2318182,409.4863636
1984,2,4.6,113.532,385.952381,267.8761905,4129.785714,474.3619048,412.552381
1984,3,4.8,112.448,394.2954545,270.7318182,4228.163636,480.4318182,414.7954545
1984,4,4.6,113.381,381.7142857,268.4047619,4121.2,476,413.352381
1984,5,4.2,115.4,377.6869565,271.673913,4141.530435,481.7608696,416.0434783
1984,6,4.2,116.2,377.6809524,274.3,4173.909524,494.5952381,428.647619
1984,7,4.2,119.251,347.4909091,262.9363636,3934.718182,521.4909091,415.95
1984,8,4.3,119.549,347.8,264.9217391,4005.43913,545.7695652,410.7956522
1984,9,4.3,122.188,341.12,270.78,4016.58,565.205,409.58
1984,10,4.3,123.264,340.1869565,278.7130435,4070.517391,600.0521739,406.6652174
1984,11,4.1,121.718,341.1909091,274.8590909,4105.227273,614.4909091,398.0318182
1984,12,3.9,123.401,318.4238095,268.3761905,3887.252381,602.9047619,378.3904762
1985,1,3.5,124.761,303.0521739,268.5043478,3813.834783,655.5913043,371.9869565
1985,2,3.5,128.033,299.125,273.595,3869.57,589.225,406.555
1985,3,3.7,128.437,303.9666667,269.9857143,3856.585714,599.0952381,433.9238095
1985,4,3.7,125.096,324.5272727,262.3409091,4001.490909,629.1272727,492.0681818
1985,5,3.8,125.848,316.1521739,252.9521739,3918.4,626.8913043,466.7434783
1985,6,3.8,124.942,316.51,247.05,3912.84,624.29,474.935
1985,7,3.6,121.866,317.2478261,230.2434783,3800.473913,619.8652174,454.1
1985,8,3.3,121.365,330.0363636,238.3409091,3918.736364,772.9681818,466.15
1985,9,3.1,122.37,323.3761905,236.9190476,3906.638095,811.0047619,469.1809524
1985,10,3.2,117.813,325.8652174,229.2173913,3900.995652,848.1826087,463.8913043
1985,11,3.5,116.461,325.3095238,225.8047619,3903.338095,862.8904762,479.552381
1985,12,3.8,115.79,322.3954545,223.3636364,3890.445455,862.6727273,472.5318182
1986,1,3.9,114.816,344.5782609,241.9173913,4201.673913,812.0956522,492.1695652
1986,2,3.1,111.414,338.905,237.14,4174.68,705.385,484.83
1986,3,2.3,109.365,345.5571429,235.1285714,4206.82381,702.0095238,486.7714286
1986,4,1.6,108.382,340.4636364,227.2272727,4199.568182,695.9181818,469.9454545
1986,5,1.5,106.668,342.3,225.3454545,4249.222727,749.8818182,471.5227273
1986,6,1.8,107.658,342.7428571,227.152381,4294.261905,864.1190476,496.9095238
1986,7,1.6,105.783,348.3565217,230.8217391,4339.378261,887.6086957,553.2347826
1986,8,1.6,104.454,377.0666667,253.5761905,4711.447619,976.7714286,614.6285714
1986,9,1.8,104.676,417.7409091,284.1090909,5271.536364,964.5818182,671.7045455
1986,10,1.5,104.769,423.5173913,296.7608696,5431.147826,952.5521739,664.5608696
1986,11,1.3,105.711,397.565,278.965,5179.305,895.43,616.54
1986,12,1.1,105.049,390.6173913,271.2521739,5105.952174,868.1347826,592
1987,1,1.5,102.187,407.3909091,270.5136364,5281.486364,853.4863636,616.8545455
1987,2,2.1,101.257,401.135,262.515,5214.68,834.47,600.615
1987,3,3,100.711,408.9318182,256.7636364,5250.704545,845.5409091,594.1
1987,4,3.8,98.666,438.3136364,268.5818182,5559.440909,880.0863636,613.7045455
1987,5,3.9,98.065,460.3857143,276.2,5825.238095,922.9333333,645.0142857
1987,6,3.7,99.141,449.6136364,275.9954545,5759.672727,909.7090909,627.3863636
1987,7,3.9,100.271,450.5391304,279.9608696,5836.230435,927.3608696,635.826087
1987,8,4.3,99.863,460.7857143,288.0714286,5997.295238,954.3238095,650.4428571
1987,9,4.4,98.435,460.3636364,279.7590909,5946.927273,940.0454545,632.5636364
1987,10,4.5,98.11,465.3727273,280.0181818,6027.940909,951.3681818,651.5318182
1987,11,4.5,94.806,467.5904762,263.1428571,6028.1,922.1380952,679.9619048
1987,12,4.4,92.37,485.5347826,265.8086957,6268.926087,949.2652174,684.0521739
1988,1,4,92.135,476.947619,264.452381,6200.804762,941.052381,670.2809524
1988,2,3.9,92.515,442.0857143,251.4714286,5745.37619,907.9,620.1666667
1988,3,3.9,91.251,443.6217391,242.0043478,5730.256522,941.9304348,603.0304348
1988,4,3.9,90.493,452.0761905,240.647619,5952.547619,967.5571429,604.352381
1988,5,3.9,90.703,451.0318182,241.2818182,5971.859091,996.1,578.9272727
1988,6,4,91.803,451.3545455,254,6214.286364,1025.436364,559.6409091
1988,7,4.1,93.784,437.647619,256.8190476,6145.885714,1046.766667,547.4
1988,8,4,94.586,431.3826087,254.1521739,6128.6,1058.482609,535.7869565
1988,9,4.2,94.731,413.4772727,245.4545455,5955.045455,1014.704545,521.8363636
1988,10,4.2,92.648,406.8,234.1142857,5945.752381,1001.390476,501.7619048
1988,11,4.2,90.376,420.1863636,232.1363636,6256.745455,1005.736364,493.5909091
1988,12,4.4,89.847,418.4318182,229.3181818,6265.431818,982.3363636,487.0136364
1989,1,4.7,91.272,404.3227273,227.7681818,6096.368182,966.0954545,465.5681818
1989,2,4.8,91.425,387.515,220.93,5892.945,953.5,454.175
1989,3,5,92.731,390.5782609,227.8347826,6026.96087,991.0913043,478.1391304
1989,4,5.1,93.091,384.43,226.005,6013.335,979.165,478.22
1989,5,5.4,94.794,371.1130435,227.8130435,5983.013043,993.3652174,481.3086957
1989,6,5.2,96.225,367.6090909,236.6954545,5996.786364,1023.018182,486.55
1989,7,5,94.531,375.0619048,230.752381,6102.252381,1005.614286,492.9428571
1989,8,4.7,94.746,364.9521739,228.8565217,6041.917391,993.3956522,478.6434783
1989,9,4.3,95.408,361.7619048,230.3095238,6019.8,1007.761905,468.0619048
1989,10,4.5,94.065,366.8954545,231.1636364,6144.904545,980.8454545,473.8045455
1989,11,4.7,94.083,394.2818182,250.7727273,6637.022727,1036.018182,503.4681818
1989,12,4.6,93.175,409.4,256.2619048,6889.052381,1052.328571,520.9142857
1990,1,5.2,92.847,409.6304348,248.1826087,6922.826087,1045.704348,523.8130435
1990,2,5.3,92.967,416.835,245.665,7062.88,1059.33,548.31
1990,3,5.2,94.102,393.0772727,241.9681818,6704.422727,1026.163636,520.0454545
1990,4,4.7,94.007,374.3761905,228.5238095,6461.4,992.5380952,489.6952381
1990,5,4.4,93.01,369.0521739,220.026087,6365.734783,975.9304348,484.5434783
1990,6,4.7,93.307,352.352381,206.0142857,6119.038095,937.0047619,452.0285714
1990,7,4.8,91.657,362.5454545,200.4318182,6299.468182,951.1636364,457.4136364
1990,8,5.6,90.248,395.426087,207.8956522,6843.36087,1017.104348,488.5826087
1990,9,6.2,89.349,389.335,207.165,6940.66,999.735,471.895
1990,10,6.3,87.59,380.7565217,195.6,6878.456522,967.2,473.9086957
1990,11,6.3,87.358,381.7318182,194.3045455,6895.390909,963.0636364,493.5909091
1990,12,6.1,88.232,378.3761905,197.1047619,6850.971429,960.8380952,491.4571429
1991,1,5.7,87.979,383.7565217,198.3434783,7028.508696,982.7173913,492.6434783
1991,2,5.3,86.881,363.855,185.255,6849.58,923.655,464.155
1991,3,4.9,89.778,362.9904762,199.4333333,7000.666667,965.3142857,470.7095238
1991,4,4.9,90.746,358.2772727,204.8590909,7136.077273,982.1954545,460.0227273
1991,5,5,91.074,356.8521739,207.0521739,7313.486957,998.5695652,461.9478261
1991,6,4.7,92.212,366.735,222.265,7699.38,1049.78,482.365
1991,7,4.4,91.983,367.7,222.9913043,9363.926087,1058.204348,476.5086957
1991,8,3.8,91.005,356.1954545,211.55,9193.1,1022.663636,455.4272727
1991,9,3.4,90,348.7619048,202.2238095,8994.247619,988.2285714,439.3095238
1991,10,2.9,89.316,358.7043478,208.2,9251.23913,1014.221739,452.3608696
1991,11,3,87.996,360.1904762,202.4952381,9294.480952,1005.842857,457.7904762
1991,12,3.1,87.176,361.0818182,197.4409091,9312.981818,997.5818182,467.8909091
1992,1,2.6,86.92,354.4086957,195.7434783,9167.730435,987.0304348,474.6130435
1992,2,2.8,87.994,353.925,199.13,9185.515,996.25,471.11
1992,3,3.2,89.707,344.35,199.7272727,9707.322727,991.6636364,454.0272727
1992,4,3.2,89.179,338.4590909,192.6454545,9746.168182,973.4863636,443.9272727
1992,5,3,88.298,337.2904762,186.3619048,9610.92381,959.6285714,445.6333333
1992,6,3.1,87.141,340.8181818,183.7318182,9684.509091,956.8636364,450.3636364
1992,7,3.2,85.902,352.7304348,183.9304348,10051.53913,971.6347826,473.526087
1992,8,3.1,85.408,342.9238095,176.4952381,9712.009524,946.6952381,472.4
1992,9,3,85.656,345.45,187.1954545,9788.536364,967.1318182,478.5818182
1992,10,3.2,87.32,344.4045455,208.0590909,9776.518182,993.6909091,482.0363636
1992,11,3,89.917,335.0333333,219.4190476,9503.928571,1003.180952,485.7857143
1992,12,2.9,89.983,334.4956522,215.5826087,9650.678261,1006.952174,484.5608696
1993,1,3.3,90.628,329.2190476,214.8047619,9508.652381,1009.004762,487.4190476
1993,2,3.2,90.712,329.33,228.945,9852.045,1027.175,482.565
1993,3,3.1,90.071,330.0956522,225.7913043,10427.47826,1048.743478,466.0391304
1993,4,3.2,88.28,341.7409091,221.2909091,10711.68182,1083.827273,480.6
1993,5,3.2,88.15,367.0761905,236.9952381,11505.24762,1166.333333,526.1809524
1993,6,3,88.394,371.9136364,246.5636364,11683.97273,1204.386364,551.9318182
1993,7,2.8,89.069,392.2045455,262.0909091,12303.68636,1313.777273,579.1681818
1993,8,2.8,88.662,378.4272727,253.5954545,11892.44545,1272.218182,558.0863636
1993,9,2.7,88.096,355.2954545,232.8636364,11171.89545,1210.75,545.1136364
1993,10,2.8,88.767,364.1904762,242.1380952,11435.79524,1234.733333,550.0761905
1993,11,2.7,89.398,373.85,252.3863636,11724.57727,1257.495455,562.0090909
1993,12,2.7,89.314,383.9043478,257.426087,12044.53043,1297.043478,569.8826087
1994,1,2.5,91.365,387.1238095,259.2809524,12141.62857,1319.609524,556.1904762
1994,2,2.5,90.817,381.935,258.105,11979.925,1317.76,533.32
1994,3,2.5,90.818,384.1478261,257.4956522,12051.71304,1327.53913,540.0956522
1994,4,2.4,90.681,378.4285714,255.3571429,11869.98095,1354.557143,528.6761905
1994,5,2.3,89.919,381.3863636,253.5863636,11963.63182,1385.518182,526.0363636
1994,6,2.5,89.607,385.6681818,252.8772727,12093.23182,1399.645455,525.6772727
1994,7,2.8,88.291,385.5047619,249.352381,12092.63333,1414.609524,524.8809524
1994,8,2.9,88.032,380.4956522,246.7304348,11935.7913,1369.552174,514.0130435
1994,9,3,87.025,391.5818182,250.2090909,12283.58182,1392.590909,528.05
1994,10,2.6,86.31,389.7952381,242.7714286,12227.12857,1380.452381,527.9904762
1994,11,2.7,86.493,384.4,242.0590909,12065.83636,1354.931818,509.2090909
1994,12,2.7,88.125,379.8,243.7227273,11919.75455,1352.231818,490.5181818
1995,1,2.8,89.583,378.7772727,240.6409091,11882.06364,1340.554545,495.0545455
1995,2,2.9,88.908,376.655,239.62,11817.565,1341.22,506.14
1995,3,2.9,87.782,382.1347826,238.8086957,12074.75652,1375.534783,520.1
1995,4,3.1,84.756,390.87,243.15,12272.135,1408,531.07
1995,5,3.2,84.3,385.4956522,242.7391304,12108.63478,1409.508696,530.2086957
1995,6,3,84.234,387.5772727,242.9681818,12166.9,1419.040909,538.3818182
1995,7,2.8,84.049,386.2571429,242.1142857,12118.51429,1405.614286,530.9952381
1995,8,2.6,85.928,383.6521739,244.8347826,12114.43478,1396.273913,517.3652174
1995,9,2.5,86.802,383.0666667,245.8190476,12720.69524,1402.352381,508.1285714
1995,10,2.8,86.684,383.1636364,242.8318182,13245.29091,1398.372727,505.8590909
1995,11,2.6,87.443,385.3227273,246.65,13363.83182,1405.295455,517.1272727
1995,12,2.5,87.673,387.5238095,251.547619,13544.07619,1419.271429,523.0238095
1996,1,2.7,88.278,398.926087,260.5521739,14264.77391,1452.273913,537.6043478
1996,2,2.7,88.187,404.7761905,263.4619048,14788.69524,1515.714286,535.5571429
1996,3,2.8,88.251,396.2190476,259.4238095,13584.94286,1556.785714,513.447619
1996,4,2.9,88.27,392.95,259.2318182,13426.23636,1652.631818,499.9
1996,5,2.9,88.509,391.9869565,258.8086957,13661.62174,1713.221739,491.8217391
1996,6,2.8,88.787,385.285,249.9,13450.065,1675.99,486.74
1996,7,3,88.699,383.4869565,246.7782609,13582.62174,1684.404348,485.826087
1996,8,2.9,88.099,387.3227273,249.8,13791.3,1753.190909,494.5909091
1996,9,3,88.508,383.1904762,245.6952381,13670.91429,1724.547619,483.1619048
1996,10,3,88.977,381.0826087,240.2913043,13586.44348,1743.882609,481.1913043
1996,11,3.3,88.537,377.8571429,227.3095238,13495.44762,1758.728571,474.1238095
1996,12,3.3,89.086,369,221.6045455,13220.30909,1729.263636,462.9818182
1997,1,3,89.846,355.7347826,214.2086957,12756.98261,1651.56087,456.9652174
1997,2,3,91.393,346.595,213.34,12433.505,1543.255,451.205
1997,3,2.8,92.309,351.4761905,218.3952381,12604.01429,1557.514286,446.1619048
1997,4,2.5,92.665,344.4909091,211.4045455,12333.76364,1530.040909,442.2272727
1997,5,2.2,91.575,343.6136364,210.3772727,12301.05,1534.495455,443.5954545
1997,6,2.3,91.135,340.7809524,207.2142857,12198.12857,1533.271429,451.9428571
1997,7,2.2,92.16,324.126087,194.0913043,11578.35652,1477.56087,436.5347826
1997,8,2.2,93.711,324.0333333,202.0952381,11640.99524,1517.752381,437.6047619
1997,9,2.2,93.953,322.8409091,201.5590909,11757.64545,1513.586364,445.9
1997,10,2.1,94.614,324.8913043,199.026087,11768.34348,1530.169565,450.573913
1997,11,1.8,95.997,306.06,181.195,11389.315,1480.37,440.49
1997,12,1.7,99.362,289.3086957,174.2130435,11343.18261,1408.491304,437.0434783
1998,1,1.6,102.108,289.1545455,176.7363636,11341.95,1427.813636,440.3863636
1998,2,1.4,100.39,297.51,181.325,11575.83,1467.42,441.43
1998,3,1.4,100.06,295.9590909,178.0727273,11692.76364,1471.840909,441.8636364
1998,4,1.4,99.785,308.25,184.2454545,12218.98182,1555.072727,472.1227273
1998,5,1.7,100.562,299.5142857,182.8809524,12096.40952,1525.3,474.6238095
1998,6,1.7,102.727,292.3454545,177.0909091,12345.29545,1574.513636,483.3636364
1998,7,1.7,103.031,292.8956522,178.173913,12449.44783,1824.695652,473.6956522
1998,8,1.6,104.641,283.6142857,173.6095238,12123.92857,1792.333333,481.3190476
1998,9,1.5,102.837,289.0045455,171.7772727,12285,1760.718182,490.6227273
1998,10,1.5,99.946,295.9545455,174.5863636,12525.87727,1714.827273,478.8363636
1998,11,1.5,99.608,294.1380952,176.9809524,12465.28095,1663.528571,463.1761905
1998,12,1.6,98.711,290.7608696,173.9826087,12371.80435,1715.369565,470.4304348
1999,1,1.7,98.788,287.1761905,173.8809524,12206.60952,1717.32381,454.6333333
1999,2,1.6,100.005,287.35,176.54,12209.075,1756.62,448.775
1999,3,1.7,101.095,285.973913,176.3086957,12136.37826,1775.673913,453.2869565
1999,4,2.3,100.999,282.45,175.4409091,12063.33182,1727.572727,439.7136364
1999,5,2.1,100.719,276.5666667,171.2619048,11829.05238,1709.804762,417.4428571
1999,6,2,101.152,261.3363636,163.8590909,11273.36364,1590.140909,398.1
1999,7,2.1,101.423,256.0909091,162.6545455,11083.16818,1564.536364,389.9454545
1999,8,2.3,100.428,256.5818182,159.7318182,11148.30909,1572.295455,398.0318182
1999,9,2.6,100.005,264.7545455,162.9318182,11526.18636,1602.531818,407.4545455
1999,10,2.6,99.537,310.7428571,187.5047619,13499.40476,1894.6,476.8952381
1999,11,2.6,99.833,293.2136364,180.85,12723.11818,1800.209091,458.8863636
1999,12,2.7,99.933,283.9608696,176.0086957,12346.45217,1745.391304,442.8565217
2000,1,2.7,99.871,284.6190476,173.6142857,12394.65238,1743.771429,432.8809524
2000,2,3.2,101.233,299.8904762,187.452381,13076.24762,1894.6,477.5333333
2000,3,3.8,101.71,286.4217391,181.2434783,12481.78261,1851.5,469.9086957
2000,4,3.1,102.282,279.735,176.66,12206.85,1857.75,469.1
2000,5,3.2,104.515,275.0347826,182.3304348,12094.8913,1933.726087,475.873913
2000,6,3.7,103.619,285.75,189.3590909,12766.55455,1975.295455,480.1181818
2000,7,3.7,103.893,281.6142857,186.6380952,12608.48571,1939.585714,479.147619
2000,8,3.4,104.368,274.4478261,184.2,12536.98261,1909.117391,472.1782609
2000,9,3.5,105.843,273.7047619,190.6952381,12557.89524,1961.614286,494.1095238
2000,10,3.4,107.344,270.0136364,186.0636364,12511.18182,2019.386364,510.6045455
2000,11,3.4,107.956,266.0363636,186.6227273,12441.91364,2045.345455,509.3636364
2000,12,3.4,107.105,271.847619,185.7095238,12703.86667,2076.385714,496.8761905
2001,1,3.7,107.458,265.8956522,179.9217391,12372.26522,2064.543478,479.0913043
2001,2,3.5,108.267,261.895,180.225,12181.455,2046.43,490.61
2001,3,2.9,109.861,263.0545455,181.9909091,12260.35,2074.927273,522.5272727
2001,4,3.3,110.499,260.3857143,181.4047619,12174.53333,2102.833333,519.1
2001,5,3.6,110.543,272.3,190.9130435,12773.41304,2170.456522,523.2478261
2001,6,3.2,111.364,270.2333333,192.847619,12698.98571,2177.47619,521.5761905
2001,7,2.7,111.493,267.55,189.2363636,12608.94545,2193.172727,525.4
2001,8,2.7,109.517,272.426087,189.6086957,12836.37391,2263.786957,519.5
2001,9,2.6,110.129,283.435,193.665,13501.6,2455.77,561.02
2001,10,2.1,110.519,283.0826087,194.9913043,13589.67826,2625.443478,561.0869565
2001,11,1.9,110.999,276.1818182,192.3545455,13254.16818,2688.372727,534.5409091
2001,12,1.6,110.944,276.1333333,191.6095238,13225.28095,3218.642857,537.6761905
2002,1,1.1,112.174,281.3086957,196.2782609,13585.06522,3268.069565,544.6565217
2002,2,1.1,112.767,295.515,207.655,14378.455,3395.855,576.25
2002,3,1.5,112.155,294.4190476,206.9666667,14343.31905,3375.871429,560.2809524
2002,4,1.6,111.927,302.6409091,209.6909091,14794.99545,3352.340909,565.1818182
2002,5,1.2,110.419,314.3391304,215.3478261,15390.94348,3185.178261,571.273913
2002,6,1.1,108.955,321.735,216.885,15743.905,3269.375,566.17
2002,7,1.5,107.364,313.3130435,201.5478261,15270.14783,3162.66087,566.1956522
2002,8,1.8,108.653,310.0818182,201.75,15056.60455,3280.590909,572.6954545
2002,9,1.5,109.487,319.152381,205.0952381,15452.82857,3381.414286,583.7904762
2002,10,2,110.283,316.5869565,203.2652174,15303.83043,3262.313043,575.2695652
2002,11,2.2,109.058,319.0904762,202.952381,15391.02857,3074.3,568.3904762
2002,12,2.4,108.482,334.2727273,210.55,16076.65909,2987.386364,593.9909091
2003,1,2.6,107.183,356.4478261,220.4695652,17074.96957,3096.565217,612.0956522
2003,2,3,107.322,358.985,223.155,17136.705,2970.285,603.265
2003,3,3,106.834,340.5714286,215.0428571,16221.19524,2737.07619,565.7333333
2003,4,2.2,105.664,328.0863636,208.3909091,15541.79545,2511.6,537.9772727
2003,5,2.1,102.119,355.6772727,219.1227273,16742.97273,2728.677273,549.3863636
2003,6,2.1,101.613,356.3809524,214.6285714,16640.5619,2805.452381,535.8666667
2003,7,2.1,102.877,351.0347826,216.1956522,16221.28696,2645.273913,530.326087
2003,8,2.2,104.24,359.7380952,225.7190476,16517.23333,2655.552381,551.9333333
2003,9,2.3,103.178,378.9636364,234.9636364,17365.85,2766.245455,572.3
2003,10,2,100.866,378.9347826,225.726087,17195.57391,2637.4,545.3913043
2003,11,1.8,100.468,389.93,230.7,17756.565,2617.345,544.095
2003,12,1.9,99.121,407.6869565,232.5826087,18571.77826,2662.382609,551.3695652
2004,1,1.9,97.648,413.9181818,227.2,18803.72727,2874.513636,537.6590909
2004,2,1.7,98.246,404.91,216.835,18312.75,2731.87,520.88
2004,3,1.7,99.156,406.6913043,222.6304348,18270.08696,2687.578261,542.4695652
2004,4,2.3,99.746,404.7545455,224.3545455,17751.94091,2654.690909,543.6909091
2004,5,3.1,101.485,384.4761905,214.9095238,17359.82381,2604.961905,545.5238095
2004,6,3.3,100.643,392.3954545,214.7227273,17842.55909,2518.85,565.1454545
2004,7,3,99.858,398.1136364,216.0318182,18313.18182,2439.168182,556.1
2004,8,2.7,99.823,400.7409091,220.1909091,18554.09091,2592.054545,563.3318182
2004,9,2.5,99.547,405.2954545,226.15,18660.01818,2648.409091,577.1909091
2004,10,3.2,98.383,420.4857143,232.7714286,19229.4,2686.838095,573.0904762
2004,11,3.5,96.184,439.3909091,236.1727273,19796.07727,2652.354545,569.9409091
2004,12,3.3,95.058,441.6826087,229.1130435,19381.07391,2532.447826,575.5217391
2005,1,3,95.45,424.6,226.1190476,18541.54762,2537.090476,554.4666667
2005,2,3,95.698,423.37,224.34,18481.48,2544.115,542.005
2005,3,3.1,95.307,433.5521739,227.6565217,18926.50435,2619.465217,552.3130435
2005,4,3.5,96.234,429.247619,226.3952381,18760.71905,2640.757143,555.2190476
2005,5,2.8,96.47,422.3545455,227.8,18365.27727,2680.040909,551.3272727
2005,6,2.5,97.334,430.6772727,236.9181818,18757.89545,2904.509091,561.5318182
2005,7,3.2,97.987,424.4952381,242.4428571,18460.45238,2845.561905,564.1666667
2005,8,3.6,97.148,437.9086957,243.9913043,19088.93913,2830.473913,575.0782609
2005,9,4.7,98.022,456.0681818,252.3772727,20011.13636,2901.622727,595.7727273
2005,10,4.3,98.909,469.9095238,266.3952381,21049.64286,3094.07619,623.5380952
2005,11,3.5,99.049,476.6863636,274.9818182,21769.29091,3170.622727,648.3681818
2005,12,3.4,98.264,508.8636364,291.6409091,23189.63636,3234.859091,685.9863636
2006,1,4,97.124,548.2136364,310.4727273,24267.95455,3337.559091,731.4863636
2006,2,3.6,97.313,555.015,317.67,24565.585,3394.665,748.56
2006,3,3.4,97.516,557.1130435,319.5304348,24750.23478,3481.352174,767.2913043
2006,4,3.5,97.021,608.905,344.35,27345.74,3704.27,826.515
2006,5,4.2,95.1,672.5956522,360.0391304,30497.42174,4248.552174,880.5
2006,6,4.3,96.341,596.1590909,323.4590909,27435.60455,4153.986364,805.9227273
2006,7,4.1,96.491,633.7190476,343.552381,29447.32381,4482.4,842.147619
2006,8,3.8,96.056,632.1217391,333.6391304,29412.56957,4392.956522,828.3043478
2006,9,2.1,95.737,598.2047619,317.4142857,27583.24762,4450.342857,791.8380952
2006,10,1.3,95.465,585.8,312.3363636,26627.98182,4475.836364,777.2
2006,11,2,94.484,627.8454545,328.3863636,28147.17727,4549.413636,812.8
2006,12,2.5,93.888,628.5809524,320.2428571,28039.8,4422.904762,800.0619048
2007,1,2.1,94.827,631.2130435,322.2565217,27961.64348,4534.56087,806.2217391
2007,2,2.4,94.65,664.765,339.495,29348.255,4771.21,849.285
2007,3,2.8,94.417,654.9181818,336.3318182,28785.04091,4815.363636,825.9090909
2007,4,2.6,93.291,678.8238095,341.3333333,28639.52381,4822.714286,820.4
2007,5,2.7,92.63,667.326087,336.2956522,27250.52609,4683.230435,808.726087
2007,6,2.7,92.359,655.5095238,330.0190476,26735.64762,4691.595238,778.1714286
2007,7,2.4,90.979,665.3136364,327.1136364,26889.98182,4639.363636,767.1227273
2007,8,2,91.175,665.2347826,330.773913,27159.51304,4806.156522,803.3434783
2007,9,2.8,90.096,712.675,353.1,28735.685,5063.675,841.92
2007,10,3.5,88.163,754.626087,369.0434783,29824.49565,5102.934783,839.3434783
2007,11,4.3,87.124,806.2681818,389.4681818,31812.30909,5414.095455,900.7227273
2007,12,4.1,87.769,805.7190476,400.0619048,31788.20952,5513.285714,923.4571429
2008,1,4.3,87.111,887.1956522,450.1913043,34926.77391,6212.521739,1006.543478
2008,2,4,86.054,922.3142857,469.6380952,36671.05714,7066.047619,1010.095238
2008,3,4,84.386,964.3952381,481.8285714,38902.02857,7708.204762,1045.647619
2008,4,3.9,83.957,909.7136364,459.0818182,36432.12273,7067.072727,977.8136364
2008,5,4.2,84.308,888.8409091,452.2863636,37450.33636,6771.259091,936.0772727
2008,6,5,84.802,889.5095238,452.4428571,38110.90952,7063.114286,935.2571429
2008,7,5.6,84.398,939.7869565,472.7086957,40263.0913,7156.604348,976.6043478
2008,8,5.4,86.461,838.3238095,444.1333333,36051.47619,6421.195238,950.2428571
2008,9,4.9,88.575,829.9454545,461.1272727,37866.57273,6683.695455,1014.159091
2008,10,3.7,93.654,806.626087,476.8304348,39183.33478,7823.334783,1177.165217
2008,11,1.1,94.491,760.875,496.47,37325.85,7700.36,1158.075
2008,12,0.1,92.996,822.026087,553.8304348,39984.66522,8150.030435,1222.143478
2009,1,0,93.777,859.2181818,595.4681818,42001.15,8507.981818,1273.872727
2009,2,0.2,96.406,943.175,654.77,46532.96,9419.755,1452.185
2009,3,-0.4,96.618,924.2909091,652.1909091,47388.42273,9198.45,1388.440909
2009,4,-0.7,94.222,889.3318182,604.4045455,44567.30909,7982.272727,1243.918182
2009,5,-1.3,91.496,928.0380952,601.5095238,45073.08095,7776.342857,1212.814286
2009,6,-1.4,90.868,945.6954545,577.8818182,45177.40455,7605.281818,1178.845455
2009,7,-2.1,90.433,934.2434783,570.8652174,45262.46522,7429.53913,1161.008696
2009,8,-1.5,89.366,949.6761905,574.652381,45920.14762,7545.585714,1136.919048
2009,9,-1.3,88.735,996.6136364,610.4454545,48224.30455,7488.518182,1156.418182
2009,10,-0.2,87.592,1043.177273,644.1,48744.66364,7804.25,1150.681818
2009,11,1.8,87.156,1127.057143,679.0666667,52490.08095,8456.080952,1225.333333
2009,12,2.7,87.389,1126.234783,694.3826087,52490.77391,8425.330435,1249.343478
2010,1,2.6,87.401,1116.538095,690.8761905,51307.61429,8320.004762,1222.861905
2010,2,2.1,88.406,1095.435,701.635,50761.805,8408.91,1236.305
2010,3,2.3,87.527,1113.356522,739.6304348,50672.41739,8252.56087,1220.304348
2010,4,2.2,86.925,1146.418182,747.5772727,51026.81818,8423.181818,1237.472727
2010,5,2,89.108,1204.3,822.3904762,55264.66667,9223.533333,1387.485714
2010,6,1.1,89.45,1232.927273,835.3363636,57418.48182,9426.1,1446
2010,7,1.2,87.977,1192.972727,779.9772727,55867.57727,8994.559091,1362.381818
2010,8,1.1,87.207,1216.686364,777.5818182,56699.11364,8876.440909,1352.713636
2010,9,1.1,86.27,1270.986364,815.8545455,58462.63636,9047.081818,1353.9
2010,10,1.2,83.912,1342.033333,846.047619,59610.35714,9270.790476,1367.095238
2010,11,1.1,83.955,1369.890909,858.3909091,61638,9559.259091,1385.813636
2010,12,1.5,84.593,1388.986957,891.3608696,62685.84348,9468.552174,1397.286957
2011,1,1.6,83.567,1358.742857,861.3142857,61718.08571,9405.961905,1364.352381
2011,2,2.1,82.989,1372.735,851.045,62371.555,9858.885,1361.25
2011,3,2.7,82.308,1424.021739,881.2434783,64040.35652,9824.552174,1408.704348
2011,4,3.2,81.026,1479.62381,903.3904762,65686.13333,9949.928571,1397.104762
2011,5,3.6,81.052,1512.613636,925.9045455,67967.31818,10382.38182,1416.931818
2011,6,3.6,80.834,1528.681818,942.8454545,68549.87727,10378.69545,1440.513636
2011,7,3.6,80.241,1572.814286,974.1333333,69851.13333,10682.21905,1459.790476
2011,8,3.8,80.789,1757.213043,1074.665217,79753.41304,12453.45652,1673.682609
2011,9,3.9,83.46,1771.854545,1122.286364,84349.59545,13366.35,1730.790909
2011,10,3.5,84.036,1665.214286,1056.590476,82053.64286,13249.92381,1641.085714
2011,11,3.4,84.562,1738.977273,1100.309091,88268.31364,14170.80909,1721.731818
2011,12,3,85.247,1640.545455,1052,86170.66364,13425.65,1619.954545
2012,1,2.9,84.59,1650.431818,1063.995455,84437.95,13232.14091,1586.622727
2012,2,2.9,83.33,1742.619048,1102.77619,85728.00476,13313.9381,1623.328571
2012,3,2.7,83.694,1673.781818,1057.881818,84334.41364,12735.05909,1590.322727
2012,4,2.3,83.898,1648.257143,1030.347619,85286.55714,12907.80476,1592.542857
2012,5,1.7,85.128,1588.043478,997.7217391,86389.46087,12950.45217,1591.691304
2012,6,1.7,86.229,1597.585714,1027.247619,89560.5381,13398.52857,1600.438095
2012,7,1.4,85.72,1593.931818,1022.5,88374.50455,13148.47273,1548.072727
2012,8,1.7,85.16,1627.826087,1035.330435,90437.80435,13460.06522,1554.53913
2012,9,2,84.012,1744.46,1082.33,95072.2,14413.29,1678.1
2012,10,2.2,83.817,1747.021739,1086.5,92757.79565,15112.34348,1696.865217
2012,11,1.8,84.099,1721.154545,1078.345455,94419.64091,15159.50455,1654.640909
2012,12,1.7,83.388,1681.77619,1041.838095,91939.66667,14484.42381,1607.419048
2013,1,1.6,83.266,1670.382609,1046.043478,90665.26522,14687.76522,1591.678261
2013,2,2,84.123,1627.605,1051.47,87618.34,14451.755,1578.7
2013,3,1.5,84.521,1593.147619,1056.32381,86701.28571,14643.56667,1539.809524
2013,4,1.1,83.925,1490.236364,973.3545455,81052.39545,13560.12727,1435.15
2013,5,1.4,84.226,1414.93913,925.4086957,77785.91304,13240.23913,1428.730435
2013,6,1.8,84.877,1342.39,867.095,78302.7,13429.42,1422.245
2013,7,2,85.325,1286.747826,847.9956522,76948.86522,12756.59565,1405.134783
2013,8,1.5,85.263,1348.495455,869.4,84929.53182,13581.49091,1492.386364
2013,9,1.2,84.862,1348.814286,850.4857143,86135.00952,13460.94286,1452.947619
2013,10,1,83.908,1316.204348,817.8347826,81132.85652,13036.32174,1383.178261
2013,11,1.2,84.566,1275.838095,792.4,79891.04762,13028.57143,1369.261905
2013,12,1.5,84.746,1220.868182,745.4,75542.15455,12659.59091,1359.922727
2014,1,1.6,85.527,1243.052174,754.5826087,77193.52609,13510.69565,1403.047826
2014,2,1.1,85.697,1300.995,785.19,80958.26,14246.965,1449.595
2014,3,1.5,85.621,1336.104762,803.8095238,81441.95238,14357.42381,1470.619048
2014,4,2,85.197,1299.018182,775.5863636,78388.50909,13684.97727,1394.368182
2014,5,2.1,84.881,1287.436364,764.2590909,76432.97273,13406.94091,1384.068182
2014,6,2.1,84.958,1279.114286,756.547619,76433.45238,13666.25238,1365.966667
2014,7,2,84.719,1310.986957,768.0695652,78752.52609,13974.46087,1396.534783
2014,8,1.7,85.354,1295.12381,775.3666667,78834.88571,13803.98095,1391.080952
2014,9,1.7,86.482,1238.836364,759.7909091,75404.85,13597.13636,1368.15
2014,10,1.7,87.439,1222.517391,760.8130435,75051.87826,13519.26522,1392.821739
2014,11,1.3,88.675,1176.315,745.54,72587.23,13039.96,1360.99
2014,12,0.8,90.461,1199.008696,767.0043478,75267.21739,13799.1087,1454.873913
2015,1,-0.1,91.964,1249.781818,824.3454545,77725.08182,14440.89545,1547.290909
2015,2,0,93.138,1227.205,800.46,76152.62,14214.435,1575.13
2015,3,-0.1,94.832,1178.65,788.0318182,73637.47727,14242.71818,1525.681818
2015,4,-0.2,93.808,1197.981818,800.8909091,75144.5,14368.45455,1549.177273
2015,5,0,93.17,1198.204762,775.347619,76408.47143,14335.2619,1519.233333
2015,6,0.1,93.959,1181.513636,759.0454545,75441.39545,14537.26364,1532.213636
2015,7,0.2,95.544,1130.047826,726.2956522,71923.78696,14069.7,1524.573913
2015,8,0.2,97.172,1118.328571,718.0809524,72802.90476,14427.55238,1534.042857
2015,9,0,97.66,1124.554545,733.7181818,74480.35909,15369.14091,1594.809091
2015,10,0.2,96.736,1159.263636,755.7136364,75445.75,15626.53182,1608.045455
2015,11,0.5,98.218,1085.709524,714.6952381,71858.35714,15364.60476,1519.709524
2015,12,0.7,98.991,1067.913043,713.1608696,71079.88261,16049.73043,1473.426087
2016,1,1.4,101.167,1095.619048,761.1714286,73760.9,17869.78571,1563.090476
2016,2,1,99.878,1199.928571,839.7285714,81885.77143,18917.28095,1682.971429
2016,3,0.9,97.876,1244.143478,873.426087,83298.62174,19155.35652,1658.8
2016,4,1.1,96.433,1242.280952,867.9571429,82588.59524,18135.80476,1621.604762
2016,5,1,97.495,1258.654545,866.3409091,84232.53182,19319.96818,1721.381818
2016,6,1,97.926,1276.418182,900.1181818,85901.99545,19204.96364,1724.081818
2016,7,0.8,98.463,1337.347619,1017.738095,89877.31905,19263.9,1776.27619
2016,8,1.1,97.692,1340.13913,1023.086957,89681.47826,18430.7,1756.252174
2016,9,1.5,98.367,1326.05,1009.059091,88533.31364,18619.46818,1747.104545
2016,10,1.6,99.299,1266.590476,1027.504762,84510.02857,17638.57143,1663.642857
2016,11,1.7,101.648,1236.004545,994.3363636,83514.16818,17260.60455,1642.377273
2016,12,2.1,103.33,1148.445455,921.0409091,77936.92273,15907.93636,1565.204545
2017,1,2.5,103.089,1190.518182,964.1181818,81067.71818,16147.14545,1595.795455
2017,2,2.7,101.779,1234.38,988.28,82740.67,16280.04,1610.7
2017,3,2.4,101.08,1231.113043,996.9565217,81075.73913,15899.55652,1615.408696
2017,4,2.2,100.085,1267.51,1002.78,81781.315,17046.595,1682.69
2017,5,1.9,99.533,1246.834783,964.4130435,80353.65652,16514.9913,1676.326087
2017,6,1.6,98.229,1260.277273,983.6,81223.00455,16244.30909,1667.018182
2017,7,1.7,96.8,1236.242857,951.3619048,79679.65238,16262.78571,1585.6
2017,8,1.9,95.847,1282.46087,990.1782609,82045.47391,16966.68261,1620.452174
2017,9,2.2,95.101,1315,987.3619048,84755.75714,17311.32857,1649.57619
2017,10,2,96.66,1279.536364,969.5863636,83256.19545,17540.28636,1643.313636
2017,11,2.2,96.812,1282.3,970.0727273,83181.14545,18038.04091,1682.422727
2017,12,2.1,96.468,1263.166667,942.7809524,81158.28571,16510.22857,1651.228571
2018,1,2.1,94.316,1329.926087,962.5695652,84639.6,16235.1,1672.117391
2018,2,2.2,94.721,1331.555,953.8,85757.495,15745.795,1692.06
2018,3,2.4,95.005,1324.645455,948.0681818,86195.76364,15703.16364,1708.390909
2018,4,2.5,94.999,1334.247619,947.5142857,87647.86667,16152.00952,1736.142857
2018,5,2.8,97.524,1303.343478,968.5826087,88005.93478,16373.35217,1732.369565
2018,6,2.9,99.022,1281.6,964.447619,86888.1381,17068.55238,1709.809524
2018,7,2.9,99.335,1238.55,940.5090909,85122.92727,16580.02273,1673.318182
2018,8,2.7,100.281,1201.117391,932.5173913,83648.96087,16916.14783,1638.921739
2018,9,2.3,100.262,1198.495,917.585,86545.165,17691.235,1663.33
2018,10,2.5,100.913,1215.421739,934.226087,89455.16087,17625.95652,1709.695652
2018,11,2.2,101.984,1220.972727,946.5,87727.08636,17199.55455,1684.772727
2018,12,1.9,102.003,1250.890476,987.5857143,88455.66667,17840.10952,1747
2019,1,1.6,100.401,1291.208696,1001.547826,91350.17826,17877.38696,1806.669565
2019,2,1.5,100.403,1320.095,1014.18,94026.39,18270.28,1848.855
2019,3,1.9,100.772,1300.919048,988.1142857,90427.48095,18718.37619,1836.97619
2019,4,2,100.746,1285.486364,986.3954545,89239.96364,18180.86364,1807.327273
2019,5,1.8,101.603,1283.669565,999.5043478,89599.42609,18518.55217,1848.595652
2019,6,1.6,101.134,1359.065,1071.865,94352.51,19805.595,1956.46
2019,7,1.8,100.915,1413.004348,1133.469565,97169.56087,19836.53043,2024.417391
2019,8,1.7,102.809,1499.054545,1233.081818,106652.9045,22746.93636,2212.959091
2019,9,1.7,102.766,1511.328571,1223.419048,107869.2476,22424.8381,2219.166667
2019,10,1.8,102.203,1494.830435,1182.578261,106207.1826,22288.84783,2199.952174
2019,11,2.1,101.954,1470.052381,1140.980952,105070.6476,21740.8619,2153.471429
2019,12,2.3,101.464,1478.645455,1128.927273,105253.9591,21280.12273,2146.6
