Date,Year,Month,US dollar,Euro,Japanese yen,Pound sterling,Canadian dollar,Swiss franc,Indian rupee,Saudi riyal,UAE dirham,Thai baht,Korean won,South African rand,Australian dollar
1/31/1979,1979,01,227.2909091,139.5318182,44853.11364,113.3272727,269.5454545,378.7727273,1852.859091,754.0863636,869.4,4582.186364,111186.5682,197.0181818,198.6
2/28/1979,1979,02,245.69,151.31,49213.155,122.555,293.185,410.595,2010.37,822.305,939.105,4949.5,118284.045,209.86,216.65
3/31/1979,1979,03,242.0636364,149.3045455,49989.42727,118.7954545,284.2227273,407.2636364,1974.931818,810.1454545,926.2363636,4884.522727,116507.0636,204.3590909,215.9454545
4/30/1979,1979,04,238.6857143,148.5047619,51574.22381,115.1380952,273.6095238,409.8285714,1956.809524,817.9619048,918,4832.857143,115259.9095,202.347619,215.4142857
5/31/1979,1979,05,257.8,161.1217391,56482.6,125.2304348,297.8391304,445.6347826,2119.934783,871.3347826,983.6956522,5210.843478,124753.8217,217.6956522,233.1652174
6/30/1979,1979,06,279.0857143,173.0380952,61069.33333,132.1380952,327.4095238,474.4904762,2248.895238,941.3047619,1064.771429,5592.233333,132563.719,235.5809524,251.1238095
7/31/1979,1979,07,294.7636364,178.2363636,63843.15455,130.4863636,343,486.0954545,2309.7,980.3954545,1109.827273,5881.504545,137305.9227,248.5227273,261.4318182
8/31/1979,1979,08,301.4478261,182.3913043,65681.28696,134.7608696,352.7043478,499.4869565,2414.847826,1025.9,1148.908696,6204.595652,148696.1696,252.426087,267.1521739
9/30/1979,1979,09,355.13,212.36,78779.2,161.63,412.955,571.37,2865.035,1189.665,1343.09,7260.935,175525.86,294.6,314.715
10/31/1979,1979,10,391.6608696,235.373913,90002.71304,182.626087,459.1434783,637.1434783,3203.965217,1319.030435,1488.508696,7981.573913,193444,323.8347826,350.9086957
11/30/1979,1979,11,392.0136364,234.8454545,95936.22273,183.7227273,461.8590909,643.9136364,3183.463636,1315.686364,1465.927273,7876.586364,184889.6818,324.3136364,357.9272727
12/31/1979,1979,12,461.2380952,271.347619,111353.1381,209.5095238,542.9904762,742.6571429,3746.047619,1558.066667,1769.390476,9419.071429,224198.4905,383.4285714,420.2571429
1/31/1980,1980,01,668.2130435,390.9086957,158987.4696,295.0956522,777.2695652,1065.678261,5307.230435,2242.213043,2530.330435,13597.2913,320061.7,547.9086957,601.7652174
2/29/1980,1980,02,665.3333333,392.5095238,162529.4667,290.4904762,769.6238095,1091.142857,5286.738095,2227.342857,2485.247619,13469.00952,382813.6,541.7714286,602.6761905
3/31/1980,1980,03,553.5952381,343.5571429,137667.8667,250.7238095,648.9428571,975.8238095,4511.466667,1856.361905,2076.580952,11287.75238,330759.4238,448.752381,508
4/30/1980,1980,04,514.5454545,325.4136364,128778.3182,233.05,610.6954545,908.0818182,4152.868182,1710.472727,1920.845455,10431.34545,296667.6455,415.6090909,471.8590909
5/31/1980,1980,05,513.6590909,312.8227273,117320.9909,223.0409091,602.9681818,854.7409091,4050.045455,1688.677273,1890.690909,10385.00455,298302.7682,406,454.3909091
6/30/1980,1980,06,600.7238095,361.2333333,130957.3571,257.047619,691.8714286,981.2857143,4711.12381,2008.157143,2233.228571,12248.18571,359842.4952,465.7,520.6666667
7/31/1980,1980,07,644.2956522,384.8608696,142641.2,271.5521739,743.3826087,1038.143478,5012.43913,2142.478261,2387.586957,13093.43913,386803.1913,493.6391304,556.8
8/31/1980,1980,08,627.7428571,382.947619,140513.1714,264.7714286,727.1238095,1036.757143,4871.795238,2075.052381,2306.214286,12720.88095,380476.1381,476.8333333,541.7142857
9/30/1980,1980,09,673.6409091,412.4363636,144562.4773,280.4727273,784.5636364,1104.872727,5211.140909,2235.213636,2480.959091,13697.28182,414638.7909,507.4045455,575.6409091
10/31/1980,1980,10,661.1608696,414.3391304,138469.5087,273.6478261,773.6608696,1099.613043,5112.313043,2195.565217,2436.795652,13461.82174,410082.6304,496.9043478,563.673913
11/30/1980,1980,11,623.475,406.13,132816.5,260.23,739.5,1078.23,4833.675,2071.195,2292.52,12758.655,412965.975,468.27,534.185
12/31/1980,1980,12,595.7,398.0043478,124983.0913,253.3652174,713.373913,1063.291304,4708.191304,1984.034783,2190.282609,12190.94348,395051.2522,449.0043478,510.4173913
1/31/1981,1981,01,560.35,381.7090909,113419.55,233.1681818,667.4181818,1018.827273,4448.540909,1867.268182,2058.095455,11515.31818,368110.0364,419.5136364,474.7272727
2/28/1981,1981,02,499.775,364.585,103241.815,217.935,601.155,978.265,4110.24,1672.71,1846.23,10326.02,343626.775,387.96,431.665
3/31/1981,1981,03,498.7818182,362.6818182,104319.7636,223.2636364,594.9090909,960.0954545,4093.068182,1670.636364,1815.013636,10129.18182,331019.4091,394.8545455,429.25
4/30/1981,1981,04,494.6090909,371.2045455,106383.4455,227.2363636,589.5227273,977.3272727,4095.086364,1660.072727,1817.413636,10185.64545,343039.9318,401.5045455,429.4409091
5/31/1981,1981,05,479.7619048,381.2571429,105943.1714,229.6238095,576.2952381,991.7952381,4028.595238,1620.466667,1775.185714,9976.852381,333544.3048,402.2095238,420.7238095
6/30/1981,1981,06,460.7772727,379.3409091,103252.4136,233.3590909,553.9409091,955.4181818,3968.227273,1565.377273,1744.027273,9635.190909,329168.7636,399.5045455,403.4636364
7/31/1981,1981,07,408.9652174,345.4391304,95031.42174,218.1826087,495.1434783,857.8608696,3630.630435,1396.404348,1517.956522,8911.204348,288025.2043,377.1521739,357.873913
8/31/1981,1981,08,410.8809524,356.0095238,95793.24762,225.5238095,502.2666667,890.7380952,3710.519048,1403.928571,1505.242857,9364.957143,285323.1952,390.1571429,360.547619
9/30/1981,1981,09,443.7636364,365.4681818,101783.15,244.4409091,532.3863636,898.5409091,4039.090909,1515.859091,1625.995455,10146.41818,308812.3864,420.1454545,386.25
10/31/1981,1981,10,437.7727273,355.05,101182.9455,237.6863636,526.2454545,823.7090909,3998.609091,1494.781818,1606.040909,10005.35455,294256.1591,418.2,382.6636364
11/30/1981,1981,11,413.3904762,333.7238095,92357.60476,217.4047619,491.0285714,737.5809524,3766.77619,1413.714286,1512.666667,9457.77619,275135.6619,397.8571429,361.0095238
12/31/1981,1981,12,408.3,334.4608696,89586.30435,214.5652174,485.1521739,743.2869565,3743.178261,1401.313043,1506.243478,9403.613043,290185.387,396.7043478,361.273913
1/31/1982,1982,01,384.7809524,319.652381,86401.20476,203.8333333,458.8666667,709.147619,3512.604762,1316.538095,1419.366667,8805.857143,272618.4762,371.4857143,345.4285714
2/28/1982,1982,02,374.16,320.25,88211.41,202.585,454.135,708.83,3440.46,1280.475,1379.38,8600.215,269699.195,367.085,345.015
3/31/1982,1982,03,330.273913,288.8956522,79645.75217,182.7956522,403.0826087,623.7347826,3064.669565,1129.486957,1214.952174,7590.83913,237031.2522,337.1565217,311.5608696
4/30/1982,1982,04,350.4636364,313.0409091,85633.55,197.9636364,429.3954545,688.8363636,3274.554545,1200.690909,1282.086364,7994.1,253576.7818,369.1272727,333.2136364
5/31/1982,1982,05,334.7380952,289.4952381,79511.99524,185.0904762,413.1714286,654.7380952,3115.495238,1149.904762,1235.595238,7678.061905,240103.819,356.6238095,316.2952381
6/30/1982,1982,06,315.0090909,287.6636364,79099.83182,179.1818182,401.0863636,654.3318182,2969.986364,1079.895455,1157.586364,7213.254545,234991.1818,351.0590909,304.8045455
7/31/1982,1982,07,338.9954545,317.3409091,86107.00909,195.2954545,428.9409091,707.5681818,3224.763636,1161.972727,1244.540909,7767.581818,251382.6,387.3636364,334.2045455
8/31/1982,1982,08,366.6954545,346.5181818,94645.65,212.1681818,455.7272727,771.5,3496.245455,1260.436364,1341.781818,8361.054545,272995.15,420.7590909,374.1181818
9/30/1982,1982,09,437.3318182,417.9772727,115172.2818,255.3363636,541.1681818,937.3318182,4223.604545,1508.318182,1611.054545,10051.24091,329230.4727,503.9272727,456.7636364
10/31/1982,1982,10,422.1666667,410.6857143,114652.9476,248.747619,519.8619048,917.9142857,4094.02381,1454.919048,1553.395238,9675.228571,313452.5476,489.8761905,447.8809524
11/30/1982,1982,11,414.9318182,412.35,109638.1182,254.0318182,508.8363636,910.2727273,4050.072727,1427.509091,1527.459091,9512.213636,316916.8636,472.8272727,440.1363636
12/31/1982,1982,12,445.0608696,428.6043478,107585.5609,275.3391304,550.2652174,911.0956522,4301.926087,1529.873913,1629.256522,10157.28261,332414.7174,482.7086957,459.5434783
1/31/1983,1983,01,480.1380952,454.5,111919.9286,304.9809524,589.6142857,945.3809524,4695.585714,1650.342857,1771.338095,11033.13333,369324.8095,511.6190476,488.5857143
2/28/1983,1983,02,491.22,472.47,116692.84,320.565,605.755,996.915,4880.15,1698.825,1811.48,11289.01,389136.035,541.515,510.325
3/31/1983,1983,03,419.7130435,408.4695652,100267.5348,281.6521739,515.673913,869.2304348,4183.595652,1448.069565,1551.617391,9637.021739,322000.8913,458.8130435,476.4869565
4/30/1983,1983,04,431.1809524,428.8238095,102572.7762,280.6238095,531.3380952,888.2571429,4289.485714,1487.666667,1575.285714,9821.719048,318800.4238,471.547619,496.752381
5/31/1983,1983,05,437.6090909,440.4318182,102697.0727,278.1227273,537.0681818,900.4363636,4360.436364,1507.968182,1597.645455,9967.854545,333267.1636,473.0636364,497.1409091
6/30/1983,1983,06,412.8590909,428.4272727,99216.08182,266.7818182,508.9227273,872.3909091,4153.268182,1428.490909,1527.177273,9510.081818,329646.0227,451.2045455,471.4136364
7/31/1983,1983,07,422.7428571,448.0380952,101689.0524,276.7380952,520.5666667,895.7142857,4255.114286,1460.728571,1552.766667,9711.319048,328822.8048,463.5285714,482.7428571
8/31/1983,1983,08,416.2913043,456.4695652,101824.5391,277.026087,513.4521739,900.9130435,4232.952174,1443.630435,1529.369565,9537.178261,329815.3435,464.8434783,473.1521739
9/30/1983,1983,09,411.8318182,451.55,100023.2636,274.7090909,507.8772727,892.1454545,4204.613636,1433.65,1517.1,9470.804545,324616.25,458.8772727,464.5409091
10/31/1983,1983,10,393.5952381,425.0761905,91828.94286,262.7952381,485.4142857,832.9095238,4021.871429,1372.328571,1450.166667,9032.571429,311054.9619,443.2904762,431.152381
11/30/1983,1983,11,381.6818182,423.8681818,89615.31364,258.35,471.0590909,827.5909091,3949.940909,1326.977273,1402.627273,8753.390909,305636.85,451.8227273,415.9318182
12/31/1983,1983,12,386.8045455,440.4,90824.93182,269.6727273,482.7227273,851.4136364,4055.5,1349.595455,1421.522727,8874.213636,315274.8455,471.7909091,429.45
1/31/1984,1984,01,371.4409091,431.5045455,86774.02727,263.3181818,463.3863636,829.7363636,3968.168182,1301.931818,1361.409091,8536.7,303476.55,465.2318182,409.4863636
2/29/1984,1984,02,385.952381,434.7714286,90242.77619,267.8761905,481.8761905,852.047619,4129.785714,1353.361905,1408.442857,8792.033333,300948.3238,474.3619048,412.552381
3/31/1984,1984,03,394.2954545,428.5909091,88946.14091,270.7318182,501.0409091,848.3954545,4228.163636,1387.777273,1450.009091,9056.859091,319992.4364,480.4318182,414.7954545
4/30/1984,1984,04,381.7142857,421.1333333,85978.42381,268.4047619,488.3047619,836.4142857,4121.2,1345.004762,1382.785714,8784.142857,306232.0524,476,413.352381
5/31/1984,1984,05,377.6869565,431.4826087,86992.85652,271.673913,488.0695652,855.1173913,4141.530435,1328.091304,1388.273913,8680.047826,302508.1087,481.7608696,416.0434783
6/30/1984,1984,06,377.6809524,431.2190476,88305.10952,274.3,492.9952381,863.3428571,4173.909524,1329.357143,1394.228571,8697.590476,303672.1714,494.5952381,428.647619
7/31/1984,1984,07,347.4909091,411.7136364,84343.32273,262.9363636,459.6318182,836.6545455,3934.718182,1220.727273,1278.254545,7975.445455,286285.4136,521.4909091,415.95
8/31/1984,1984,08,347.8,418.2391304,84255.99565,264.9217391,452.8826087,840.1086957,4005.43913,1226.482609,1281.334783,7977.43913,281010.7478,545.7695652,410.7956522
9/30/1984,1984,09,341.12,428.6,83505.02,270.78,447.515,851.415,4016.58,1208.125,1268.49,7867.205,285668.54,565.205,409.58
10/31/1984,1984,10,340.1869565,434.3043478,83910.95217,278.7130435,448.4304348,858.1521739,4070.517391,1210.3,1246.169565,7782.165217,280507.6304,600.0521739,406.6652174
11/30/1984,1984,11,341.1909091,425.5545455,83166.46364,274.8590909,449.8863636,842.3136364,4105.227273,1216.572727,1253.254545,8971.813636,274605.7364,614.4909091,398.0318182
12/31/1984,1984,12,318.4238095,410,78824.65238,268.3761905,419.7190476,814.2142857,3887.252381,1133.647619,1170.961905,8434.195238,263376.3667,602.9047619,378.3904762
1/31/1985,1985,01,303.0521739,398.426087,76972.22174,268.5043478,401.4869565,804.773913,3813.834783,1086.726087,1115.108696,8166.134783,257313.8739,655.5913043,371.9869565
2/28/1985,1985,02,299.125,409.75,78095.26,273.595,405.335,840.375,3869.57,1076.095,1100.44,8258.08,257242.175,589.225,406.555
3/31/1985,1985,03,303.9666667,417.9142857,78114.50952,269.9857143,418.8904762,847.9238095,3856.585714,1090.833333,1091.557143,8222.061905,246916.981,599.0952381,433.9238095
4/30/1985,1985,04,324.5272727,420.85,81570.95455,262.3409091,442.4136364,840.8818182,4001.490909,1173.818182,1198.336364,8833.404545,276047.5545,629.1272727,492.0681818
5/31/1985,1985,05,316.1521739,412.1173913,79551.18261,252.9521739,434.7347826,826.9173913,3918.4,1141.495652,1160.130435,8575.36087,272719.2565,626.8913043,466.7434783
6/30/1985,1985,06,316.51,407.365,78781.455,247.05,432.74,813.795,3912.84,1151.72,1162.19,8562.54,277170.83,624.29,474.935
7/31/1985,1985,07,317.2478261,390.7608696,76493.17826,230.2434783,428.9652174,764.0913043,3800.473913,1157.547826,1153.121739,8431.617391,264439.2957,619.8652174,454.1
8/31/1985,1985,08,330.0363636,394,78277.07273,238.3409091,447.6272727,756.9227273,3918.736364,1204.213636,1218.436364,8766.645455,294163.5455,772.9681818,466.15
9/30/1985,1985,09,323.3761905,392.947619,76608.84286,236.9190476,443.6380952,755.952381,3906.638095,1180.328571,1188.995238,8714.42381,293493.7476,811.0047619,469.1809524
10/31/1985,1985,10,325.8652174,371.3608696,69943.63043,229.2173913,445.3521739,706.0304348,3900.995652,1190.278261,1195.434783,8529.186957,288250.8391,848.1826087,463.8913043
11/30/1985,1985,11,325.3095238,363.8619048,66321.53333,225.8047619,447.6571429,692.4,3903.338095,1185.97619,1189.852381,8421.161905,290595.881,862.8904762,479.552381
12/31/1985,1985,12,322.3954545,351.1272727,65247.55455,223.3636364,449.0681818,676.9363636,3890.445455,1175.577273,1190.4,8532.495455,294712.4818,862.6727273,472.5318182
1/31/1986,1986,01,344.5782609,365.4608696,68801.74783,241.9173913,483.6086957,710.8130435,4201.673913,1254.195652,1261.769565,9060.621739,308299.1739,812.0956522,492.1695652
2/28/1986,1986,02,338.905,343.75,62567.14,237.14,475.985,661.88,4174.68,1239.255,1246.735,8804.11,298812.525,705.385,484.83
3/31/1986,1986,03,345.5571429,341.7809524,61663.07619,235.1285714,482.9619048,660.0428571,4206.82381,1259.842857,1266.214286,8955.485714,304609.6619,702.0095238,486.7714286
4/30/1986,1986,04,340.4636364,339.4,59497.18182,227.2272727,471.7545455,646.2863636,4199.568182,1239.868182,1247.659091,8844.009091,297270.6773,695.9181818,469.9454545
5/31/1986,1986,05,342.3,335.8772727,57285.32727,225.3454545,471.0363636,635.1909091,4249.222727,1250.390909,1257.859091,8913.063636,302865.0818,749.8818182,471.5227273
6/30/1986,1986,06,342.7428571,337.1761905,57391.77143,227.152381,476.2619048,630.3095238,4294.261905,1284.871429,1259.319048,8903.419048,302874.9619,864.1190476,496.9095238
7/31/1986,1986,07,348.3565217,331.1608696,55225.37826,230.8217391,480.6,607.3043478,4339.378261,1305.321739,1277.913043,9026.691304,308987.4652,887.6086957,553.2347826
8/31/1986,1986,08,377.0666667,345.9428571,57979.94286,253.5761905,522.4714286,625.1238095,4711.447619,1411.671429,1382.033333,9710.138095,332018.8619,976.7714286,614.6285714
9/30/1986,1986,09,417.7409091,380.7,64561.08636,284.1090909,578.9772727,689.7545455,5271.536364,1565.659091,1535.154545,10822.35909,369495.4591,964.5818182,671.7045455
10/31/1986,1986,10,423.5173913,379.9565217,66302.82609,296.7608696,589.1782609,696.2652174,5431.147826,1591.03913,1558.091304,10986.6913,372283.0217,952.5521739,664.5608696
11/30/1986,1986,11,397.565,360.695,64773.07,278.965,551.77,670.415,5179.305,1491.61,1461.065,10327.23,345538.22,895.43,616.54
12/31/1986,1986,12,390.6173913,348.9347826,63385.3087,271.2521739,539.0304348,650.5695652,5105.952174,1465.082609,1435.026087,10178.10435,337560.3,868.1347826,592
1/31/1987,1987,01,407.3909091,344.5727273,63093.90909,270.5136364,554.8772727,636.3772727,5281.486364,1528.554545,1496.940909,10456.26364,349710.7,853.4863636,616.8545455
2/28/1987,1987,02,401.135,333.53,61523.005,262.515,535.11,617.55,5214.68,1504.1,1472.98,10266.265,343349.21,834.47,600.615
3/31/1987,1987,03,408.9318182,341.7636364,61844.54545,256.7636364,538.8181818,628.4772727,5250.704545,1530.913636,1499.309091,10451.72273,347544.3045,845.5409091,594.1
4/30/1987,1987,04,438.3136364,361.6727273,62448.66818,268.5818182,576.7772727,653.5954545,5559.440909,1637.918182,1604.263636,11133.29091,367192.9545,880.0863636,613.7045455
5/31/1987,1987,05,460.3857143,376.347619,64715.50952,276.2,617.4809524,676.8047619,5825.238095,1726.947619,1690.438095,11708.54286,380941.7333,922.9333333,645.0142857
6/30/1987,1987,06,449.6136364,373.75,65025.15,275.9954545,602.4818182,678.5590909,5759.672727,1688.422727,1653.55,11451.65455,366645.3727,909.7090909,627.3863636
7/31/1987,1987,07,450.5391304,379.9695652,67628.12174,279.9608696,596.7608696,691.3608696,5836.230435,1689.486957,1653.713043,11640.76087,364057.2,927.3608696,635.826087
8/31/1987,1987,08,460.7857143,389.9380952,67852.13333,288.0714286,610.2380952,707.547619,5997.295238,1724.633333,1689.17619,11914.40476,371638.481,954.3238095,650.4428571
9/30/1987,1987,09,460.3636364,379.8318182,65895.16364,279.7590909,605.2090909,691.1,5946.927273,1725.963636,1690.295455,11677.10909,371170.5636,940.0454545,632.5636364
10/31/1987,1987,10,465.3727273,380.9727273,66560.20455,280.0181818,608.1818182,694.2,6027.940909,1742.336364,1706.763636,11799.97273,373024.5091,951.3681818,651.5318182
11/30/1987,1987,11,467.5904762,361.2619048,63195.78571,263.1428571,614.6095238,645.0904762,6028.1,1749.8,1714.252381,11751.26667,372180.119,922.1380952,679.9619048
12/31/1987,1987,12,485.5347826,365.2173913,62349.36522,265.8086957,635.9434783,647.0434783,6268.926087,1820.1,1785.226087,12148.54348,385999,949.2652174,684.0521739
1/31/1988,1988,01,476.947619,361.7571429,60859.85714,264.452381,613.6428571,641.6904762,6200.804762,1789.861905,1753.066667,11997.5619,377205.4476,941.052381,670.2809524
2/29/1988,1988,02,442.0857143,344.3619048,57173.32381,251.4714286,561.2571429,615.8857143,5745.37619,1659.252381,1624.909524,11138.12381,342089.8571,907.9,620.1666667
3/31/1988,1988,03,443.6217391,341.873913,56195.19565,242.0043478,552.2043478,612.9347826,5730.256522,1657.491304,1623.169565,10982.03478,332663.513,941.9304348,603.0304348
4/30/1988,1988,04,452.0761905,346.9428571,56480.18571,240.647619,558.6047619,625.0904762,5952.547619,1695.938095,1660.757143,11398.7,335504.5429,967.5571429,604.352381
5/31/1988,1988,05,451.0318182,350.7818182,56244.75455,241.2818182,557.6363636,636.4772727,5971.859091,1690.809091,1655.777273,11260.33182,331931.4136,996.1,578.9272727
6/30/1988,1988,06,451.3545455,363.7545455,57463.65909,254,549.0272727,659.3636364,6214.286364,1694.204545,1659.218182,11346.98636,330150.65,1025.436364,559.6409091
7/31/1988,1988,07,437.647619,370.2619048,58234.13333,256.8190476,528.5142857,670.7285714,6145.885714,1641.4,1607.319048,11124.51429,317582.5238,1046.766667,547.4
8/31/1988,1988,08,431.3826087,373.2043478,57707.25652,254.1521739,528.0434783,683.0869565,6128.6,1619.304348,1585.921739,10999.83043,312123.7522,1058.482609,535.7869565
9/30/1988,1988,09,413.4772727,355.2727273,55599.91818,245.4545455,507.6045455,651.75,5955.045455,1551.113636,1519.004545,10547.23182,298034.7136,1014.704545,521.8363636
10/31/1988,1988,10,406.8,340.3047619,52301.6619,234.1142857,489.5714286,624.7380952,5945.752381,1522.7,1491.761905,10252.94286,287653.2429,1001.390476,501.7619048
11/30/1988,1988,11,420.1863636,337.5363636,51723.12273,232.1363636,511.6272727,615.7818182,6256.745455,1573.886364,1540.959091,10538.58636,290854.3273,1005.736364,493.5909091
12/31/1988,1988,12,418.4318182,336.7318182,51744.2,229.3181818,500.85,619.6636364,6265.431818,1571.518182,1538.768182,10500.74091,286943.8727,982.3363636,487.0136364
1/31/1989,1989,01,404.3227273,337.4363636,51511.20909,227.7681818,482.3272727,631.25,6096.368182,1520.309091,1488.527273,10222.7,276707.7409,966.0954545,465.5681818
2/28/1989,1989,02,387.515,326.15,49528.825,220.93,461.245,610.375,5892.945,1454.755,1424.225,9811.5,262920.24,953.5,454.175
3/31/1989,1989,03,390.5782609,331.6086957,50900.47391,227.8347826,466.4043478,628.1869565,6026.96087,1465.147826,1434.656522,9924.413043,262997.6478,991.0913043,478.1391304
4/30/1989,1989,04,384.43,326.15,50741.11,226.005,456.94,632.85,6013.335,1442.11,1412.28,9782.215,256421.055,979.165,478.22
5/31/1989,1989,05,371.1130435,327.3043478,51236.78261,227.8130435,443.3913043,642.0695652,5983.013043,1396.213043,1367.252174,9534.456522,248195.0826,993.3652174,481.3086957
6/30/1989,1989,06,367.6090909,330.4136364,52876.23182,236.6954545,440.3272727,627.0909091,5996.786364,1377.213636,1348.677273,9498.768182,245201.0955,1023.018182,486.55
7/31/1989,1989,07,375.0619048,321.5809524,52512.14286,230.752381,444.3333333,608.9571429,6102.252381,1397.766667,1368.885714,9577.647619,248607.9238,1005.614286,492.9428571
8/31/1989,1989,08,364.9521739,317.7608696,51570.66522,228.8565217,429.0347826,606.0086957,6041.917391,1370.191304,1342.313043,9385.030435,244520.4304,993.3956522,478.6434783
9/30/1989,1989,09,361.7619048,319.147619,52484.33333,230.3095238,427.8142857,610.2333333,6019.8,1356.87619,1327.557143,9298.8,242274.3905,1007.761905,468.0619048
10/31/1989,1989,10,366.8954545,312.3227273,52170.78182,231.1636364,430.9818182,598.4818182,6144.904545,1376.986364,1348.018182,9398.368182,246640.6364,980.8454545,473.8045455
11/30/1989,1989,11,394.2818182,329.2363636,56600.73636,250.7727273,461.2818182,638.1727273,6637.022727,1480.645455,1449.218182,10173.49091,265357.3773,1036.018182,503.4681818
12/31/1989,1989,12,409.4,326.6857143,58803.60476,256.2619048,475.152381,641.7952381,6889.052381,1533.990476,1501.92381,10495.04762,276006.8381,1052.328571,520.9142857
1/31/1990,1990,01,409.6304348,318.4565217,59351.77391,248.1826087,479.6913043,621.5043478,6922.826087,1533.786957,1501.904348,10483.28261,279175.6391,1045.704348,523.8130435
2/28/1990,1990,02,416.835,320.225,60698.5,245.665,498.56,619.995,7062.88,1562.495,1529.19,10662.745,287508.235,1059.33,548.31
3/31/1990,1990,03,393.0772727,306.1363636,60169.55,241.9681818,463.6045455,594.3681818,6704.422727,1472.109091,1441.804545,10143.06364,274225.1273,1026.163636,520.0454545
4/30/1990,1990,04,374.3761905,287.3333333,59271.39048,228.5238095,435.5285714,556.3571429,6461.4,1403.209524,1375.404762,9689.447619,264151.4524,992.5380952,489.6952381
5/31/1990,1990,05,369.0521739,279.273913,56756.52609,220.026087,433.5,524.0652174,6365.734783,1382.695652,1353.830435,9500.943478,261073.1174,975.9304348,484.5434783
6/30/1990,1990,06,352.352381,269.0857143,54142.9619,206.0142857,412.9761905,501.8666667,6119.038095,1319.257143,1290.595238,9073.628571,251498.619,937.0047619,452.0285714
7/31/1990,1990,07,362.5454545,268.8636364,54037.59091,200.4318182,419.35,504.4409091,6299.468182,1357.1,1329.05,9271.9,258821.0136,951.1636364,457.4136364
8/31/1990,1990,08,395.426087,281.8565217,58304.26957,207.8956522,452.5695652,516.5391304,6843.36087,1481.995652,1450.947826,10084.46957,282460.6,1017.104348,488.5826087
9/30/1990,1990,09,389.335,278.905,53951.14,207.165,450.495,508.55,6940.66,1461.335,1430.765,9855.47,278861.86,999.735,471.895
10/31/1990,1990,10,380.7565217,264.9826087,49368.72174,195.6,441.426087,487.8086957,6878.456522,1426.365217,1396.491304,9517.517391,271328.2174,967.2,473.9086957
11/30/1990,1990,11,381.7318182,259.6772727,49284.77727,194.3045455,444.2727273,479.4590909,6895.390909,1430.363636,1401.240909,9544.559091,272504.35,963.0636364,493.5909091
12/31/1990,1990,12,378.3761905,261,50688.81429,197.1047619,438.9142857,485.2904762,6850.971429,1421.228571,1392.02381,9506.47619,271231.719,960.8380952,491.4571429
1/31/1991,1991,01,383.7565217,268.3391304,51356.24783,198.3434783,443.9565217,487.9,7028.508696,1435.943478,1406.443478,9657.991304,275063.613,982.7173913,492.6434783
2/28/1991,1991,02,363.855,249.625,47473.075,185.255,420.025,461.45,6849.58,1366.145,1338.07,9125.295,262987.865,923.655,464.155
3/31/1991,1991,03,362.9904762,270.3428571,49859.0381,199.4333333,420.052381,504.9619048,7000.666667,1367.133333,1338.952381,9226.714286,264571.1571,965.3142857,470.7095238
4/30/1991,1991,04,358.2772727,280.7636364,49127.37273,204.8590909,413.3727273,515.9727273,7136.077273,1343.559091,1314.313636,9154.327273,260117.1773,982.1954545,460.0227273
5/31/1991,1991,05,356.8521739,282.7304348,49324.36522,207.0521739,410.4347826,519.9043478,7313.486957,1340.708696,1310.713043,9117.769565,259279.5783,998.5695652,461.9478261
6/30/1991,1991,06,366.735,301.735,51233.395,222.265,419.31,560.715,7699.38,1374.33,1346.045,9416.865,266365.68,1049.78,482.365
7/31/1991,1991,07,367.7,303.7391304,50685.48696,222.9913043,422.4304348,569.7,9363.926087,1376.495652,1346.891304,9443.691304,267400.4565,1058.204348,476.5086957
8/31/1991,1991,08,356.1954545,287.3545455,48716.06364,211.55,407.8272727,541.4818182,9193.1,1334.568182,1307.572727,9145.322727,260503.7818,1022.663636,455.4272727
9/30/1991,1991,09,348.7619048,273.8047619,46866.03333,202.2238095,396.5380952,517.0761905,8994.247619,1308.67619,1280.004762,8910.509524,257498.6095,988.2285714,439.3095238
10/31/1991,1991,10,358.7043478,280.926087,46869.89565,208.2,404.4956522,530.0521739,9251.23913,1344.056522,1316.356522,9136.478261,268329.6913,1014.221739,452.3608696
11/30/1991,1991,11,360.1904762,271.8238095,46682.72381,202.4952381,407.1571429,516.852381,9294.480952,1350.695238,1322.061905,9160.442857,271015.181,1005.842857,457.7904762
12/31/1991,1991,12,361.0818182,263.3136364,46196.00909,197.4409091,413.7,499.3954545,9312.981818,1345.040909,1322.590909,9140.295455,273029,997.5818182,467.8909091
1/31/1992,1992,01,354.4086957,260.4782609,44435.12609,195.7434783,410.0652174,497.0173913,9167.730435,1331.930435,1304.173913,8975.33913,271039.3913,987.0304348,474.6130435
2/29/1992,1992,02,353.925,266.365,45154.65,199.13,418.375,515.175,9185.515,1328.375,1300.795,8995.44,270874.155,996.25,471.11
3/31/1992,1992,03,344.35,266.0636364,45747.96818,199.7272727,410.4454545,519.7272727,9707.322727,1290.968182,1264.272727,8813.131818,265677.5045,991.6636364,454.0272727
4/30/1992,1992,04,338.4590909,259.3272727,45159.42727,192.6454545,402.0681818,514.2454545,9746.168182,1268.209091,1242.981818,8653.922727,263128.8909,973.4863636,443.9272727
5/31/1992,1992,05,337.2904762,253.6333333,44078.17143,186.3619048,404.3,502.7,9610.92381,1263.219048,1237.738095,8600.504762,263628.481,959.6285714,445.6333333
6/30/1992,1992,06,340.8181818,248.9909091,43213.7,183.7318182,407.4818182,485.4545455,9684.509091,1274.936364,1248.4,8646.145455,268368.9773,956.8636364,450.3636364
7/31/1992,1992,07,352.7304348,244.973913,44365.33478,183.9304348,420.2565217,470.426087,10051.53913,1323.782609,1296.308696,8905.373913,277623.7957,971.6347826,473.526087
8/31/1992,1992,08,342.9238095,232.0428571,43285.69048,176.4952381,408.1857143,444.8095238,9712.009524,1283.528571,1256.938095,8647.22381,270414.3905,946.6952381,472.4
9/30/1992,1992,09,345.45,239.2545455,42349.43182,187.1954545,421.9590909,440.9545455,9788.536364,1297.55,1270.986364,8699.027273,272297.5864,967.1318182,478.5818182
10/31/1992,1992,10,344.4045455,250.55,41705.28636,208.0590909,429.2409091,453.45,9776.518182,1295.186364,1268.209091,8698.631818,271186.1727,993.6909091,482.0363636
11/30/1992,1992,11,335.0333333,259.4952381,41493.27619,219.4190476,424.5619048,478.6238095,9503.928571,1257.161905,1231.090476,8526,263171.4571,1003.180952,485.7857143
12/31/1992,1992,12,334.4956522,260.626087,41459.8087,215.5826087,425.2826087,475.3130435,9650.678261,1251.430435,1225.095652,8509.947826,263427.6304,1006.952174,484.5608696
1/31/1993,1993,01,329.2190476,263.4857143,41145.62857,214.8047619,420.1809524,486.1714286,9508.652381,1233.219048,1208.352381,8385.533333,260992.381,1009.004762,487.4190476
2/28/1993,1993,02,329.33,270.165,39751.455,228.945,414.885,500.39,9852.045,1234.505,1209.085,8394.79,262840.375,1027.175,482.565
3/31/1993,1993,03,330.0956522,273.0826087,38614.54783,225.7913043,411.6608696,501.8217391,10427.47826,1237.117391,1211.369565,8386.43913,261226.1304,1048.743478,466.0391304
4/30/1993,1993,04,341.7409091,273.8545455,38416.4,221.2909091,431.1090909,498.8636364,10711.68182,1282.631818,1256.745455,8621.895455,271772.9273,1083.827273,480.6
5/31/1993,1993,05,367.0761905,294.152381,40434.26667,236.9952381,466.0285714,531.852381,11505.24762,1377.5,1348.814286,9248.780952,293494.3,1166.333333,526.1809524
6/30/1993,1993,06,371.9136364,306.6,39938.77727,246.5636364,475.7681818,549.2318182,11683.97273,1396.240909,1366.768182,9378.55,299310,1204.386364,551.9318182
7/31/1993,1993,07,392.2045455,338.0772727,42233.55,262.0909091,502.7454545,594.0954545,12303.68636,1471.509091,1440.745455,9924.236364,316345.7182,1313.777273,579.1681818
8/31/1993,1993,08,378.4272727,327.9136364,39276.85909,253.5954545,494.2818182,566.3363636,11892.44545,1418.218182,1387.281818,9521.213636,306037.3955,1272.218182,558.0863636
9/30/1993,1993,09,355.2954545,295.7590909,37455.68636,232.8636364,469.4181818,503.7090909,11171.89545,1331.645455,1303.868182,8930.354545,286838.9545,1210.75,545.1136364
10/31/1993,1993,10,364.1904762,307.3285714,38964.09048,242.1380952,482.8,524.647619,11435.79524,1365.07619,1336.695238,9197.733333,294858.7619,1234.733333,550.0761905
11/30/1993,1993,11,373.85,326.4181818,40294.84545,252.3863636,492.4590909,559.4772727,11724.57727,1401.918182,1372.640909,9483.054545,301580.3455,1257.495455,562.0090909
12/31/1993,1993,12,383.9043478,336.3782609,42191.0087,257.426087,511.3782609,561.6782609,12044.53043,1440.882609,1410.434783,9778.63913,310771.2087,1297.043478,569.8826087
1/31/1994,1994,01,387.1238095,344.1285714,43107.5619,259.2809524,509.8333333,569.447619,12141.62857,1451.357143,1421.485714,9884.747619,313650.8714,1319.609524,556.1904762
2/28/1994,1994,02,381.935,337.2,40569.655,258.105,512.495,556.125,11979.925,1432.29,1401.86,9691.35,309127.465,1317.76,533.32
3/31/1994,1994,03,384.1478261,332.4826087,40405.10435,257.4956522,524.126087,549.0217391,12051.71304,1440.447826,1410.686957,9715.647826,310138.5391,1327.53913,540.0956522
4/30/1994,1994,04,378.4285714,326.8619048,39151.98095,255.3571429,523.4238095,544.1047619,11869.98095,1419.171429,1391.152381,9557.252381,306011.4571,1354.557143,528.6761905
5/31/1994,1994,05,381.3863636,322.2045455,39583.97273,253.5863636,526.7363636,538.9318182,11963.63182,1430.25,1400.977273,9612.868182,307489.1591,1385.518182,526.0363636
6/30/1994,1994,06,385.6681818,321.3227273,39532,252.8772727,533.3636364,529.7863636,12093.23182,1445.831818,1416.227273,9690.25,310909.3409,1399.645455,525.6772727
7/31/1994,1994,07,385.5047619,310.8095238,37965.19048,249.352381,532.8952381,510.4333333,12092.63333,1445.780952,1416.080952,9627.561905,310289.4762,1414.609524,524.8809524
8/31/1994,1994,08,380.4956522,306.9695652,38019.26522,246.7304348,524.4217391,501.7043478,11935.7913,1426.986957,1397.404348,9518.130435,305698.887,1369.552174,514.0130435
9/30/1994,1994,09,391.5818182,312.4636364,38672.63636,250.2090909,530.3181818,505.0272727,12283.58182,1468.640909,1438.340909,9776.259091,313418.5727,1392.590909,528.05
10/31/1994,1994,10,389.7952381,305.5380952,38370.52381,242.7714286,526.052381,493.2380952,12227.12857,1462.266667,1431.185714,9731.319048,311316.4714,1380.452381,527.9904762
11/30/1994,1994,11,384.4,305.8909091,37668.14091,242.0590909,524.4272727,498.1409091,12065.83636,1441.768182,1411.509091,9603.995455,306044.2227,1354.931818,509.2090909
12/31/1994,1994,12,379.8,309.6954545,38044.10909,243.7227273,527.5227273,504.55,11919.75455,1424.445455,1394.659091,9534.227273,300607.9182,1352.231818,490.5181818
1/31/1995,1995,01,378.7772727,302.7909091,37751.48636,240.6409091,535.2318182,487.5227273,11882.06364,1420.686364,1391.131818,9512.981818,299431.0682,1340.554545,495.0545455
2/28/1995,1995,02,376.655,297.13,36976.35,239.62,527.455,478.575,11817.565,1412.56,1383.35,9420.675,297871.785,1341.22,506.14
3/31/1995,1995,03,382.1347826,290.5652174,34573.07826,238.8086957,538.1304348,447.073913,12074.75652,1433.121739,1403.417391,9462.252174,297294.4696,1375.534783,520.1
4/30/1995,1995,04,390.87,292.32,32701.795,243.15,537.76,444.485,12272.135,1465.885,1435.525,9600.275,299840.58,1408,531.07
5/31/1995,1995,05,385.4956522,291.0173913,32752.5087,242.7391304,524.6173913,450.0782609,12108.63478,1445.782609,1415.826087,9503.369565,293427.613,1409.508696,530.2086957
6/30/1995,1995,06,387.5772727,289.9363636,32762.27727,242.9681818,533.8590909,448.3409091,12166.9,1453.6,1423.422727,9557.136364,294864.6364,1419.040909,538.3818182
7/31/1995,1995,07,386.2571429,285.3809524,33706.9381,242.1142857,525.8714286,446.2380952,12118.51429,1448.628571,1418.561905,9558.642857,292312.0714,1405.614286,530.9952381
8/31/1995,1995,08,383.6521739,291.5565217,36333.59565,244.8347826,519.8826087,458.926087,12114.43478,1438.9,1409.026087,9573.73913,294849.9783,1396.273913,517.3652174
9/30/1995,1995,09,383.0666667,294.2904762,38445.26667,245.8190476,517.4047619,454.9904762,12720.69524,1436.614286,1406.947619,9621.138095,295641.5667,1402.352381,508.1285714
10/31/1995,1995,10,383.1636364,287.6636364,38616.06818,242.8318182,515.4318182,438.8318182,13245.29091,1436.977273,1407.204545,9620.668182,293919.3091,1398.372727,505.8590909
11/30/1995,1995,11,385.3227273,288.3,39256.60455,246.65,521.2863636,440.6863636,13363.83182,1445.131818,1415.190909,9694.254545,296565.2,1405.295455,517.1272727
12/31/1995,1995,12,387.5238095,293.2333333,39465.3,251.547619,530.4809524,450.6619048,13544.07619,1453.395238,1423.314286,9749.171429,298890.381,1419.271429,523.0238095
1/31/1996,1996,01,398.926087,304.4434783,42094.66087,260.5521739,545.1695652,470.2608696,14264.77391,1496.108696,1465.173913,10083.96522,313860.3391,1452.273913,537.6043478
2/29/1996,1996,02,404.7761905,309.8285714,42784.78571,263.4619048,556.8142857,483.9666667,14788.69524,1518.052381,1486.609524,10217.08095,315714.2857,1515.714286,535.5571429
3/31/1996,1996,03,396.2190476,304.5238095,41963.9381,259.4238095,540.952381,473.6952381,13584.94286,1485.928571,1455.219048,9996.152381,309488.6762,1556.785714,513.447619
4/30/1996,1996,04,392.95,305.6363636,42120.21364,259.2318182,533.9636364,478.7363636,13426.23636,1473.572727,1443.177273,9934,306620.1091,1652.631818,499.9
5/31/1996,1996,05,391.9869565,308.9695652,41702.2913,258.8086957,536.7434783,491.7043478,13661.62174,1470.030435,1439.721739,9912.004348,306062.1261,1713.221739,491.8217391
6/30/1996,1996,06,385.285,302.615,41978.41,249.9,526.15,484.505,13450.065,1444.945,1415.06,9766.74,307558.7,1675.99,486.74
7/31/1996,1996,07,383.4869565,296.7130435,41879.46087,246.7782609,525.0521739,472.8304348,13582.62174,1438.226087,1408.482609,9722.017391,311691.4826,1684.404348,485.826087
8/31/1996,1996,08,387.3227273,296.5090909,41766.39091,249.8,531.3818182,465.7636364,13791.3,1452.627273,1422.518182,9793.040909,316598.0864,1753.190909,494.5909091
9/30/1996,1996,09,383.1904762,296.7952381,42083.52857,245.6952381,524.6761905,472.1142857,13670.91429,1437.104762,1407.342857,9720.442857,315031.7429,1724.547619,483.1619048
10/31/1996,1996,10,381.0826087,298.173913,42824.09565,240.2913043,514.7304348,479.4478261,13586.44348,1429.186957,1399.486957,9706.217391,315203.6043,1743.882609,481.1913043
11/30/1996,1996,11,377.8571429,292.7095238,42420.05238,227.3095238,505.6333333,481.7238095,13495.44762,1417.114286,1387.719048,9619.719048,312768.7667,1758.728571,474.1238095
12/31/1996,1996,12,369,292.3272727,42055.67273,221.6045455,502.6045455,490.6545455,13220.30909,1383.840909,1355.059091,9440.895455,310004.25,1729.263636,462.9818182
1/31/1997,1997,01,355.7347826,290.0565217,41892.31304,214.2086957,480.2521739,493.9434783,12756.98261,1334.104348,1306.308696,9148.556522,302605.1652,1651.56087,456.9652174
2/28/1997,1997,02,346.595,296.63,42627.78,213.34,469.615,504.27,12433.505,1299.85,1272.73,8996.225,300240.33,1543.255,451.205
3/31/1997,1997,03,351.4761905,304.7761905,43126.10952,218.3952381,482.2047619,514.2190476,12604.01429,1318.142857,1290.590476,9122.619048,309495.7238,1557.514286,446.1619048
4/30/1997,1997,04,344.4909091,300.9681818,43271.43636,211.4045455,480.1090909,503.2545455,12333.76364,1291.959091,1265.113636,8976.25,307812.3455,1530.040909,442.2272727
5/31/1997,1997,05,343.6136364,299.0818182,40899.29091,210.3772727,474.1909091,491.9136364,12301.05,1288.659091,1261.895455,8844.15,306598.0682,1534.495455,443.5954545
6/30/1997,1997,06,340.7809524,300.2,38953.70952,207.2142857,471.5428571,491.3571429,12198.12857,1278.061905,1251.5,8588.885714,303008.9429,1533.271429,451.9428571
7/31/1997,1997,07,324.126087,295.5,37343.27826,194.0913043,446.3391304,479.9652174,11578.35652,1215.6,1190.313043,9767.243478,288738.1174,1477.56087,436.5347826
8/31/1997,1997,08,324.0333333,303.5142857,38180.24762,202.0952381,450.2428571,489.8428571,11640.99524,1215.238095,1190.019048,10510.97143,290531.8286,1517.752381,437.6047619
9/30/1997,1997,09,322.8409091,293.7681818,39003.47727,201.5590909,447.7090909,474.8727273,11757.64545,1210.781818,1185.677273,11731.77727,293805.8591,1513.586364,445.9
10/31/1997,1997,10,324.8913043,290.7173913,39299.26522,199.026087,450.373913,471.6173913,11768.34348,1218.552174,1193.226087,12203.13913,300661.8304,1530.169565,450.573913
11/30/1997,1997,11,306.06,269.95,38365.715,181.195,432.325,430.55,11389.315,1147.885,1124.055,12016.825,315867.675,1480.37,440.49
12/31/1997,1997,12,289.3086957,262.1086957,37510.51739,174.2130435,412.9304348,416.2913043,11343.18261,1085.03913,1062.547826,13032.51739,439372.3087,1408.491304,437.0434783
1/31/1998,1998,01,289.1545455,267.8636364,37438.08636,176.7363636,416.4454545,426.2454545,11341.95,1084.577273,1062.022727,15392.82727,490414.4273,1427.813636,440.3863636
2/28/1998,1998,02,297.51,275.42,37421.89,181.325,426.68,435.125,11575.83,1115.805,1092.685,13681.23,483790.985,1467.42,441.43
3/31/1998,1998,03,295.9590909,276,38205.4,178.0727273,419.3727273,440.7545455,11692.76364,1110,1086.972727,12204.69091,440763.4636,1471.840909,441.8636364
4/30/1998,1998,04,308.25,285.3636364,40601.81818,184.2454545,440.5863636,463.7045455,12218.98182,1156.018182,1132.1,12193.75455,428181.0682,1555.072727,472.1227273
5/31/1998,1998,05,299.5142857,271.3761905,40418.84762,182.8809524,432.8,442.6333333,12096.40952,1123.328571,1100.061905,11712.36667,418054.7286,1525.3,474.6238095
6/30/1998,1998,06,292.3454545,267.4545455,40991.56818,177.0909091,428.3090909,436.7545455,12345.29545,1096.468182,1073.677273,12353.01818,408020.2182,1574.513636,483.3636364
7/31/1998,1998,07,292.8956522,268.8217391,41200.76522,178.173913,435.2304348,443.073913,12449.44783,1098.513043,1075.713043,12073.12174,378969.6261,1824.695652,473.6956522
8/31/1998,1998,08,283.6142857,258.947619,41037.27143,173.6095238,434.9238095,423.6952381,12123.92857,1064.138095,1041.647619,11806.72857,372088.2143,1792.333333,481.3190476
9/30/1998,1998,09,289.0045455,251.0227273,38849.16818,171.7772727,439.6909091,404.6681818,12285,1083.954545,1061.395455,11661.90909,396769.3364,1760.718182,490.6227273
10/31/1998,1998,10,295.9545455,247.8863636,35785.74091,174.5863636,457,395.6909091,12525.87727,1109.904545,1086.95,11272.73636,396918.6773,1714.827273,478.8363636
11/30/1998,1998,11,294.1380952,252.9047619,35396.6619,176.9809524,453.1809524,407.2380952,12465.28095,1103.142857,1080.304762,10721.82857,379485.5524,1663.528571,463.1761905
12/31/1998,1998,12,290.7608696,248.2304348,34006.51739,173.9826087,448.5608696,395.5913043,12371.80435,1090.830435,1067.9,10536.32174,352169.4304,1715.369565,470.4304348
1/31/1999,1999,01,287.1761905,247.4619048,32527.12381,173.8809524,436.5190476,397.4333333,12206.60952,1077.138095,1054.7,10501.48571,337429.7571,1717.32381,454.6333333
2/28/1999,1999,02,287.35,256.59,33491.725,176.54,430.235,410.05,12209.075,1077.765,1055.36,10656.07,341057.59,1756.62,448.775
3/31/1999,1999,03,285.973913,262.7347826,34177.17391,176.3086957,433.9347826,419.1086957,12136.37826,1072.473913,1050.33913,10717.5087,351223.7304,1775.673913,453.2869565
4/30/1999,1999,04,282.45,263.8181818,33817.89545,175.4409091,420.2590909,422.5909091,12063.33182,1059.213636,1037.363636,10622.16364,340751.4136,1727.572727,439.7136364
5/31/1999,1999,05,276.5666667,260.2571429,33731.5619,171.2619048,404.1857143,416.9809524,11829.05238,1037.214286,1015.771429,10232.88571,331002.3095,1709.804762,417.4428571
6/30/1999,1999,06,261.3363636,251.8636364,31553.99091,163.8590909,384.0227273,401.7954545,11273.36364,980.0818182,959.7954545,9644.163636,305337.6682,1590.140909,398.1
7/31/1999,1999,07,256.0909091,247.3272727,30602.09091,162.6545455,380.95,396.7454545,11083.16818,960.45,940.5727273,9502.340909,303974.7364,1564.536364,389.9454545
8/31/1999,1999,08,256.5818182,241.9409091,29058.63636,159.7318182,382.9,387.2363636,11148.30909,962.2045455,942.3272727,9758.422727,307250.7909,1572.295455,398.0318182
9/30/1999,1999,09,264.7545455,251.8909091,28312.98636,162.9318182,391.0181818,403.4636364,11526.18636,992.9,972.3954545,10593.70455,317781.2818,1602.531818,407.4545455
10/31/1999,1999,10,310.7428571,290.3904762,32946.28571,187.5047619,458.9714286,462.9952381,13499.40476,1165.338095,1141.280952,12243.60952,374391.5048,1894.6,476.8952381
11/30/1999,1999,11,293.2136364,284.0363636,30682.46818,180.85,430.0454545,455.9181818,12723.11818,1099.609091,1076.854545,11355.45455,344676.5636,1800.209091,458.8863636
12/31/1999,1999,12,283.9608696,280.9086957,29116.88696,176.0086957,418.173913,449.8956522,12346.45217,1064.904348,1042.873913,10841.66957,322646.4,1745.391304,442.8565217
1/31/2000,2000,01,284.6190476,281.1095238,29944.69048,173.6142857,412.2095238,452.7952381,12394.65238,1067.361905,1045.328571,10631.55714,321624.4905,1743.771429,432.8809524
2/29/2000,2000,02,299.8904762,304.8714286,32820.32857,187.452381,435.1857143,489.9380952,13076.24762,1124.642857,1101.390476,11322.20952,338685.5905,1894.6,477.5333333
3/31/2000,2000,03,286.4217391,296.8,30451.54348,181.2434783,418.3043478,476.1956522,12481.78261,1074.06087,1051.9,10855.38696,319660.5478,1851.5,469.9086957
4/30/2000,2000,04,279.735,295.69,29539.87,176.66,410.665,465.25,12206.85,1049.085,1027.385,10622.91,310494.05,1857.75,469.1
5/31/2000,2000,05,275.0347826,303.4347826,29772.68261,182.3304348,411.1391304,472.426087,12094.8913,1031.426087,1010.113043,10706,307990.4826,1933.726087,475.873913
6/30/2000,2000,06,285.75,300.7409091,30307.7,189.3590909,421.9636364,469.3909091,12766.55455,1071.65,1049.477273,11163.69545,319341.4682,1975.295455,480.1181818
7/31/2000,2000,07,281.6142857,299.552381,30440.95238,186.6380952,416.2190476,464.4333333,12608.48571,1056.152381,1034.22381,11332.62857,313913.9095,1939.585714,479.147619
8/31/2000,2000,08,274.4478261,303.3956522,29652.25217,184.2,406.8608696,470.626087,12536.98261,1029.330435,1007.973913,11215.38696,305790.8478,1909.117391,472.1782609
9/30/2000,2000,09,273.7047619,314.0571429,29213.27619,190.6952381,406.5666667,480.5714286,12557.89524,1026.490476,1005.214286,11472.18571,305463.7857,1961.614286,494.1095238
10/31/2000,2000,10,270.0136364,316.1636364,29280.68636,186.0636364,408.2181818,478.2045455,12511.18182,1012.731818,991.6863636,11684.05,304862.8045,2019.386364,510.6045455
11/30/2000,2000,11,266.0363636,310.9681818,28993.95455,186.6227273,410.2954545,472.9636364,12441.91364,997.7727273,977.0181818,11643.55,307823.6682,2045.345455,509.3636364
12/31/2000,2000,12,271.847619,302.0857143,30497.71429,185.7095238,413.8285714,457.3190476,12703.86667,1019.519048,998.4190476,11733.39048,330821.4667,2076.385714,496.8761905
1/31/2001,2001,01,265.8956522,283.6130435,31025.85217,179.9217391,399.6478261,433.4043478,12372.26522,997.1913043,976.5565217,11472.6,338210.013,2064.543478,479.0913043
2/28/2001,2001,02,261.895,284.385,30435.545,180.225,398.665,436.78,12181.455,982.08,961.825,11167.42,327893.565,2046.43,490.61
3/31/2001,2001,03,263.0545455,289.3818182,31928.84545,181.9909091,409.8681818,444.3136364,12260.35,986.4545455,966.1,11560.04545,339469,2074.927273,522.5272727
4/30/2001,2001,04,260.3857143,291.9142857,32212.25238,181.4047619,405.5,446.1571429,12174.53333,976.4666667,956.3095238,11840.41905,345494.8714,2102.833333,519.1
5/31/2001,2001,05,272.3,311.3478261,33147.9913,190.9130435,419.5956522,477.4826087,12773.41304,1021.147826,1000.056522,12390.92174,353268,2170.456522,523.2478261
6/30/2001,2001,06,270.2333333,316.9,33055.03333,192.847619,411.9190476,482.452381,12698.98571,1013.485714,992.5619048,12226.04286,349579.3714,2177.47619,521.5761905
7/31/2001,2001,07,267.55,310.9363636,33315.34545,189.2363636,409.1909091,470.6318182,12608.94545,1003.372727,982.6409091,12203.23636,348610.6909,2193.172727,525.4
8/31/2001,2001,08,272.426087,302.4086957,33058.09565,189.6086957,419.3478261,457.9913043,12836.37391,1021.626087,1000.534783,12227,350009.3652,2263.786957,519.5
9/30/2001,2001,09,283.435,310.97,33597.655,193.665,443.99,463.49,13501.6,1063.015,1040.965,12564.07,367175.2,2455.77,561.02
10/31/2001,2001,10,283.0826087,312.4130435,34340.44783,194.9913043,444.5956522,462.2565217,13589.67826,1061.63913,1039.691304,12660.65652,368811.3217,2625.443478,561.0869565
11/30/2001,2001,11,276.1818182,310.95,33792.61364,192.3545455,439.8954545,455.8772727,13254.16818,1035.727273,1014.345455,12259.52273,354242.3545,2688.372727,534.5409091
12/31/2001,2001,12,276.1333333,309.9619048,35248.61429,191.6095238,436.3047619,457.6809524,13225.28095,1035.528571,1014.166667,12129.61905,356921.2714,3218.642857,537.6761905
1/31/2002,2002,01,281.3086957,318.4695652,37299.86957,196.2782609,450.0956522,469.7,13585.06522,1054.943478,1033.204348,12383.46087,370414.8609,3268.069565,544.6565217
2/28/2002,2002,02,295.515,339.46,39476.575,207.655,471.485,501.605,14378.455,1108.17,1085.385,12949.87,390255.055,3395.855,576.25
3/31/2002,2002,03,294.4190476,335.8714286,38576.47619,206.9666667,467.2190476,492.9714286,14343.31905,1104.109524,1081.361905,12775.45238,389472.2857,3375.871429,560.2809524
4/30/2002,2002,04,302.6409091,341.4545455,39561.74091,209.6909091,478.75,500.4454545,14794.99545,1134.922727,1111.559091,13139.98182,398864.0727,3352.340909,565.1818182
5/31/2002,2002,05,314.3391304,342.7173913,39696.52174,215.3478261,487.0391304,499.3130435,15390.94348,1178.782609,1154.495652,13453.31304,396833.5391,3185.178261,571.273913
6/30/2002,2002,06,321.735,336.505,39662.915,216.885,492.95,495.34,15743.905,1206.56,1181.675,13557.595,393419.715,3269.375,566.17
7/31/2002,2002,07,313.3130435,315.673913,36975.93478,201.5478261,484.1608696,461.5913043,15270.14783,1174.934783,1150.682609,12922.1913,371231.0478,3162.66087,566.1956522
8/31/2002,2002,08,310.0818182,317.1,36903.33182,201.75,486.6863636,464.3136364,15056.60455,1162.804545,1138.818182,13074.33182,371218.35,3280.590909,572.6954545
9/30/2002,2002,09,319.152381,325.3095238,38579.92381,205.0952381,502.6047619,476.3904762,15452.82857,1196.904762,1172.17619,13674.34286,386235.1429,3381.414286,583.7904762
10/31/2002,2002,10,316.5869565,322.5173913,39209.36522,203.2652174,499.5695652,472.5,15303.83043,1187.208696,1162.730435,13812.09565,392615.0478,3262.313043,575.2695652
11/30/2002,2002,11,319.0904762,318.4761905,38762.20952,202.952381,501.3333333,467.3380952,15391.02857,1196.609524,1171.961905,13819.94762,386470.3905,3074.3,568.3904762
12/31/2002,2002,12,334.2727273,327.5045455,40678.33182,210.55,521.0909091,480.0454545,16076.65909,1253.572727,1227.709091,14462.05909,403368.9364,2987.386364,593.9909091
1/31/2003,2003,01,356.4478261,335.6782609,42340.66522,220.4695652,549.8304348,490.673913,17074.96957,1336.73913,1309.186957,15246.60435,419839.6696,3096.565217,612.0956522
2/28/2003,2003,02,358.985,333.04,42880.3,223.155,543.055,488.58,17136.705,1346.195,1318.52,15397.585,427784.83,2970.285,603.265
3/31/2003,2003,03,340.5714286,315,40390.10476,215.0428571,502.647619,462.7857143,16221.19524,1277.128571,1250.833333,14561.6,420964.381,2737.07619,565.7333333
4/30/2003,2003,04,328.0863636,302.1136364,39337.34545,208.3909091,478.4363636,452.2545455,15541.79545,1230.327273,1205.027273,14075.88182,403710.9591,2511.6,537.9772727
5/31/2003,2003,05,355.6772727,307.3636364,41725.51818,219.1227273,491.9909091,465.7181818,16742.97273,1333.827273,1306.313636,14999.56818,427095.95,2728.677273,549.3863636
6/30/2003,2003,06,356.3809524,305.4142857,42166.8381,214.6285714,482.3714286,470.4428571,16640.5619,1336.42381,1308.890476,14842.05714,425465.7286,2805.452381,535.8666667
7/31/2003,2003,07,351.0347826,308.5565217,41658.86522,216.1956522,484.6043478,477.3521739,16221.28696,1316.417391,1289.313043,14665.42609,414366.7261,2645.273913,530.326087
8/31/2003,2003,08,359.7380952,322.6619048,42683.94286,225.7190476,502.1238095,496.952381,16517.23333,1349.047619,1321.22381,14977.13333,423893.5143,2655.552381,551.9333333
9/30/2003,2003,09,378.9636364,336.8863636,43535.17727,234.9636364,516.9909091,521.2454545,17365.85,1421.159091,1391.822727,15335.87273,441435.8909,2766.245455,572.3
10/31/2003,2003,10,378.9347826,323.5565217,41477.27826,225.726087,500.9217391,501.0434783,17195.57391,1421.043478,1391.726087,15053.88696,442259.2478,2637.4,545.3913043
11/30/2003,2003,11,389.93,332.8,42555.82,230.7,511.51,518.95,17756.565,1462.275,1432.105,15564.5,462464.52,2617.345,544.095
12/31/2003,2003,12,407.6869565,331.3391304,43915.92174,232.5826087,535.526087,515.1608696,18571.77826,1528.843478,1497.282609,16192.08696,486019.3261,2662.382609,551.3695652
1/31/2004,2004,01,413.9181818,327.9363636,44018.31818,227.2,536.6363636,513.4545455,18803.72727,1552.236364,1520.272727,16194.41818,489867.85,2874.513636,537.6590909
2/29/2004,2004,02,404.91,320.33,43176.315,216.835,538.58,503.99,18312.75,1518.35,1487.14,15820.095,472152.505,2731.87,520.88
3/31/2004,2004,03,406.6913043,331.5173913,44106.88696,222.6304348,540.4086957,519.1304348,18270.08696,1524.978261,1493.7,16040.93913,474095.5348,2687.578261,542.4695652
4/30/2004,2004,04,404.7545455,337.3863636,43533.42273,224.3545455,543.0681818,524.6409091,17751.94091,1517.836364,1486.604545,15953.73636,466256.85,2654.690909,543.6909091
5/31/2004,2004,05,384.4761905,320.1142857,43093.25714,214.9095238,529.6380952,493.0095238,17359.82381,1441.804762,1412.133333,15584.62381,452281.4048,2604.961905,545.5238095
6/30/2004,2004,06,392.3954545,323.1227273,42917.89091,214.7227273,532.7727273,490.6454545,17842.55909,1471.5,1441.209091,16010.21364,454571.6455,2518.85,565.1454545
7/31/2004,2004,07,398.1136364,324.5181818,43556.15909,216.0318182,526.7,495.4681818,18313.18182,1492.945455,1462.195455,16292.96818,461051.9727,2439.168182,556.1
8/31/2004,2004,08,400.7409091,328.7090909,44180.14091,220.1909091,525.9636364,505.7454545,18554.09091,1502.786364,1471.85,16631.89091,463831.8182,2592.054545,563.3318182
9/30/2004,2004,09,405.2954545,331.8818182,44620.59091,226.15,522.4636364,512.2090909,18660.01818,1519.886364,1488.586364,16802.83182,465393.8955,2648.409091,577.1909091
10/31/2004,2004,10,420.4857143,336.447619,45747.11429,232.7714286,524.347619,518.9619048,19229.4,1576.847619,1544.380952,17363.77143,480018.9476,2686.838095,573.0904762
11/30/2004,2004,11,439.3909091,337.9545455,45993.80909,236.1727273,525.5772727,514.1272727,19796.07727,1647.745455,1613.727273,17694.67727,477252.2091,2652.354545,569.9409091
12/31/2004,2004,12,441.6826087,329.5217391,45853.97391,229.1130435,538.6217391,506.3913043,19381.07391,1656.369565,1622.126087,17311.03478,464087.3478,2532.447826,575.5217391
1/31/2005,2005,01,424.6,323.8666667,43877.71429,226.1190476,519.9190476,501.0619048,18541.54762,1592.290476,1559.3,16447.54286,440789.8048,2537.090476,554.4666667
2/28/2005,2005,02,423.37,325.27,44440.225,224.34,525.06,504.255,18481.48,1587.66,1554.9,16283.46,432648.46,2544.115,542.005
3/31/2005,2005,03,433.5521739,328.7521739,45620.97391,227.6565217,527.1173913,509.4956522,18926.50435,1625.834783,1592.326087,16735.26522,436901.4783,2619.465217,552.3130435
4/30/2005,2005,04,429.247619,331.7238095,46030.34762,226.3952381,530.6809524,513.1904762,18760.71905,1609.738095,1576.528571,16974.4,433627.1,2640.757143,555.2190476
5/31/2005,2005,05,422.3545455,332.9863636,45037.81818,227.8,530.5181818,514.4454545,18365.27727,1583.859091,1551.209091,16822.41818,423421.3864,2680.040909,551.3272727
6/30/2005,2005,06,430.6772727,354.2590909,46825.55455,236.9181818,534.1954545,545.3318182,18757.89545,1615.05,1581.75,17629.10455,435999.5864,2904.509091,561.5318182
7/31/2005,2005,07,424.4952381,352.7095238,47517.15714,242.4428571,519.6619048,549.547619,18460.45238,1591.947619,1559.057143,17702.38571,440298.5333,2845.561905,564.1666667
8/31/2005,2005,08,437.9086957,356.1434783,48434.23043,243.9913043,527.3434783,553.0478261,19088.93913,1642.182609,1608.278261,18017.97826,447516.5217,2830.473913,575.0782609
9/30/2005,2005,09,456.0681818,372.5090909,50677.71818,252.3772727,537.3181818,577.3090909,20011.13636,1710.463636,1674.963636,18720.41364,469673.2636,2901.622727,595.7727273
10/31/2005,2005,10,469.9095238,390.9142857,53971.61429,266.3952381,553.1904762,605.5142857,21049.64286,1762.609524,1725.847619,19224.45714,491644.5476,3094.07619,623.5380952
11/30/2005,2005,11,476.6863636,404.6454545,56475.60455,274.9818182,563.2954545,625.2681818,21769.29091,1787.681818,1750.813636,19606.26818,496037.1182,3170.622727,648.3681818
12/31/2005,2005,12,508.8636364,429.0863636,60247.14091,291.6409091,591.3909091,664.4772727,23189.63636,1908.409091,1869.040909,20910.57273,520316.9909,3234.859091,685.9863636
1/31/2006,2006,01,548.2136364,452.7045455,63346.80909,310.4727273,634.9318182,701.3681818,24267.95455,2055.890909,2013.504545,21710.29545,538884.2136,3337.559091,731.4863636
2/28/2006,2006,02,555.015,464.985,65429.455,317.67,637.83,724.675,24565.585,2081.36,2038.52,21860.635,538401.235,3394.665,748.56
3/31/2006,2006,03,557.1130435,463.2956522,65352.0913,319.5304348,644.926087,727.3086957,24750.23478,2089.282609,2046.117391,21703.83913,543162.4087,3481.352174,767.2913043
4/30/2006,2006,04,608.905,496.17,71256.99,344.35,696.695,781.115,27345.74,2283.715,2236.455,23119.56,580205.405,3704.27,826.515
5/31/2006,2006,05,672.5956522,526.7521739,75140.12174,360.0391304,746.6782609,819.973913,30497.42174,2522.043478,2470.234783,25544.23478,633077.1304,4248.552174,880.5
6/30/2006,2006,06,596.1590909,470.9181818,68310.09091,323.4590909,664.1318182,734.5681818,27435.60455,2235.918182,2189.618182,22870.76364,569030.2955,4153.986364,805.9227273
7/31/2006,2006,07,633.7190476,499.5238095,73303.51905,343.552381,715.1380952,783.752381,29447.32381,2376.685714,2327.619048,24068.98095,602559.681,4482.4,842.147619
8/31/2006,2006,08,632.1217391,493.3652174,73261.22609,333.6391304,707.1347826,778.4391304,29412.56957,2370.621739,2321.682609,23768.7913,607592.6739,4392.956522,828.3043478
9/30/2006,2006,09,598.2047619,470.0809524,70058.1,317.4142857,667.5904762,744.652381,27583.24762,2243.433333,2197.085714,22397.5619,570038.1667,4450.342857,791.8380952
10/31/2006,2006,10,585.8,464.4136364,69511.82273,312.3363636,661.0363636,738.4090909,26627.98182,2196.390909,2151.536364,21853.84545,558507.2,4475.836364,777.2
11/30/2006,2006,11,627.8454545,487.15,73626.39545,328.3863636,713.5818182,775.5409091,28147.17727,2354.577273,2306.022727,22928.6,587303.2,4549.413636,812.8
12/31/2006,2006,12,628.5809524,475.9714286,73753.29048,320.2428571,725.0380952,760.3904762,28039.8,2357.314286,2308.62381,22510.81905,581736.2048,4422.904762,800.0619048
1/31/2007,2007,01,631.2130435,485.6347826,75997.6087,322.2565217,742.0782609,784.2782609,27961.64348,2367.417391,2318.304348,22367.16522,591205.6217,4534.56087,806.2217391
2/28/2007,2007,02,664.765,508.175,80088.795,339.495,778.38,823.815,29348.255,2493.14,2441.27,22589.75,622956.41,4771.21,849.285
3/31/2007,2007,03,654.9181818,494.5272727,76813.82727,336.3318182,765.0181818,797.75,28785.04091,2455.654545,2404.713636,21936.38182,617581.0273,4815.363636,825.9090909
4/30/2007,2007,04,678.8238095,502.0952381,80701.20952,341.3333333,770.047619,822.2761905,28639.52381,2545.895238,2492.761905,23678.94762,631923.4476,4822.714286,820.4
5/31/2007,2007,05,667.326087,493.6521739,80604.68696,336.2956522,730.4565217,814.8043478,27250.52609,2502.704348,2450.717391,23107.74783,619164.2478,4683.230435,808.726087
6/30/2007,2007,06,655.5095238,488.5904762,80400.86667,330.0190476,698.0428571,808.3619048,26735.64762,2458.428571,2407.47619,22667.96667,608392.9524,4691.595238,778.1714286
7/31/2007,2007,07,665.3136364,484.8363636,80808.94545,327.1136364,698.8545455,803.2863636,26889.98182,2495.204545,2443.431818,22421.74091,611073.4045,4639.363636,767.1227273
8/31/2007,2007,08,665.2347826,488.3,77631.56087,330.773913,703.8130435,799.9826087,27159.51304,2495.06087,2443.191304,22747.44348,621834.4913,4806.156522,803.3434783
9/30/2007,2007,09,712.675,512.31,81988.205,353.1,731.26,844.685,28735.685,2670.04,2616.84,24412.425,662249.665,5063.675,841.92
10/31/2007,2007,10,754.626087,530.2913043,87434.01304,369.0434783,736.1782609,886.1086957,29824.49565,2822.734783,2770.952174,25775.82609,690258.0087,5102.934783,839.3434783
11/30/2007,2007,11,806.2681818,549.3909091,89433.89091,389.4681818,779.25,905.6727273,31812.30909,3006.990909,2958.804545,27318.63182,740207.8,5414.095455,900.7227273
12/31/2007,2007,12,805.7190476,553.7809524,90688.16667,400.0619048,806.5761905,919.5190476,31788.20952,3020.219048,2959.17619,27160.12857,750854.7143,5513.285714,923.4571429
1/31/2008,2008,01,887.1956522,602.9347826,95679.27826,450.1913043,896.7434783,977.3043478,34926.77391,3327.208696,3258.256522,29454.94783,836138.1043,6212.521739,1006.543478
2/29/2008,2008,02,922.3142857,625.3,98777.64286,469.6380952,921.7095238,1005.266667,36671.05714,3458.161905,3386.990476,30026.0619,870639.6143,7066.047619,1010.095238
3/31/2008,2008,03,964.3952381,621.4142857,97146.21429,481.8285714,966.8666667,976.452381,38902.02857,3615.257143,3541.309524,30333.22857,947694.3714,7708.204762,1045.647619
4/30/2008,2008,04,909.7136364,577.4318182,93376.18636,459.0818182,923.25,922.1363636,36432.12273,3411.95,3341.095455,28734.66818,897602.0455,7067.072727,977.8136364
5/31/2008,2008,05,888.8409091,571.3363636,92737.05,452.2863636,888.1727273,928.1636364,37450.33636,3333.586364,3264.595455,28526.61364,920689.3182,6771.259091,936.0772727
6/30/2008,2008,06,889.5095238,571.6857143,95091.64762,452.4428571,903.852381,922.6428571,38110.90952,3335.690476,3267.085714,29538.92381,916850.8333,7063.114286,935.2571429
7/31/2008,2008,07,939.7869565,596.2913043,100389.2,472.7086957,951.9304348,965.7434783,40263.0913,3523.278261,3451.778261,31475.73478,956846.9087,7156.604348,976.6043478
8/31/2008,2008,08,838.3238095,560.0142857,91633.52381,444.1333333,882.9333333,907.6904762,36051.47619,3143.92381,3079.190476,28376.70476,877030.5667,6421.195238,950.2428571
9/30/2008,2008,09,829.9454545,577.9409091,88483.05455,461.1272727,877.9090909,920.3,37866.57273,3114.640909,3048.427273,28432.43636,943438.4136,6683.695455,1014.159091
10/31/2008,2008,10,806.626087,606.5130435,80861.10435,476.8304348,949.0086957,921.0173913,39183.33478,3031.813043,2962.921739,27770.74348,1064399.152,7823.334783,1177.165217
11/30/2008,2008,11,760.875,597.315,73679.295,496.47,927.72,906.24,37325.85,2854.78,2794.815,26701.785,1067872.555,7700.36,1158.075
12/31/2008,2008,12,822.026087,607.5826087,74933.82609,553.8304348,1014.565217,932.5652174,39984.66522,3084.195652,3019.265217,28776.84348,1116294.67,8150.030435,1222.143478
1/31/2009,2009,01,859.2181818,648.1454545,77541.12273,595.4681818,1053.563636,966.8363636,42001.15,3223.081818,3155.981818,29994.98182,1163352.75,8507.981818,1273.872727
2/28/2009,2009,02,943.175,737.49,87623.5,654.77,1175.455,1098.825,46532.96,3537.62,3464.235,33334,1359658.355,9419.755,1452.185
3/31/2009,2009,03,924.2909091,708.7454545,90427.57727,652.1909091,1168.640909,1068.059091,47388.42273,3466.431818,3394.918182,33054.80909,1342876.364,9198.45,1388.440909
4/30/2009,2009,04,889.3318182,673.9863636,87944.89545,604.4045455,1089.590909,1021.109091,44567.30909,3335.209091,3266.540909,31514.74545,1188212.773,7982.272727,1243.918182
5/31/2009,2009,05,928.0380952,679.3095238,89635.09524,601.5095238,1068.6,1026.657143,45073.08095,3480.252381,3408.342857,32142.2,1167117.6,7776.342857,1212.814286
6/30/2009,2009,06,945.6954545,674.9272727,91431.07273,577.8818182,1064.831818,1022.627273,45177.40455,3546.5,3472.663636,32273.11818,1193409.55,7605.281818,1178.845455
7/31/2009,2009,07,934.2434783,663.3869565,88228.17826,570.8652174,1048.713043,1008.291304,45262.46522,3503.608696,3431.356522,31810.26957,1178748.761,7429.53913,1161.008696
8/31/2009,2009,08,949.6761905,665.7047619,90127.86667,574.652381,1032.785714,1014.514286,45920.14762,3561.452381,3488.095238,32307.50476,1177221.348,7545.585714,1136.919048
9/30/2009,2009,09,996.6136364,684.2181818,91091.00455,610.4454545,1077.936364,1036.4,48224.30455,3737.431818,3660.477273,33694.92273,1210715.782,7488.518182,1156.418182
10/31/2009,2009,10,1043.177273,703.7090909,94210.74545,644.1,1099.245455,1065.454545,48744.66364,3912.063636,3831.495455,34858.11364,1225598.059,7804.25,1150.681818
11/30/2009,2009,11,1127.057143,755.4142857,100423.0143,679.0666667,1192.338095,1140.957143,52490.08095,4226.571429,4139.72381,37509.21905,1310720.59,8456.080952,1225.333333
12/31/2009,2009,12,1126.234783,772.4347826,101386.2826,694.3826087,1186.530435,1159.534783,52490.77391,4224.134783,4136.578261,37421.61304,1313368.474,8425.330435,1249.343478
1/31/2010,2010,01,1116.538095,782.152381,101879.8143,690.8761905,1164.252381,1154.409524,51307.61429,4187.147619,4100.419048,36899,1272563.581,8320.004762,1222.861905
2/28/2010,2010,02,1095.435,800.83,98769.61,701.635,1157.95,1174.755,50761.805,4107.89,4023.17,36309.385,1266870.19,8408.91,1236.305
3/31/2010,2010,03,1113.356522,820.4217391,101031.3652,739.6304348,1138.93913,1187.526087,50672.41739,4175.178261,4089.243478,36207.05652,1266120.652,8252.56087,1220.304348
4/30/2010,2010,04,1146.418182,854.0318182,107225.4182,747.5772727,1151.713636,1223.536364,51026.81818,4299.263636,4210.686364,37018.18636,1279047.782,8423.181818,1237.472727
5/31/2010,2010,05,1204.3,961.152381,110716.9762,822.3904762,1254.385714,1362.704762,55264.66667,4516.333333,4423.3,39007.99048,1405465.171,9223.533333,1387.485714
6/30/2010,2010,06,1232.927273,1009.240909,111943.6955,835.3363636,1280.759091,1387.604545,57418.48182,4623.768182,4528.436364,40031.73636,1496796.605,9426.1,1446
7/31/2010,2010,07,1192.972727,932.8454545,104379.0545,779.9772727,1245.227273,1256.577273,55867.57727,4473.831818,4381.672727,38559.61818,1437668.55,8994.559091,1362.381818
8/31/2010,2010,08,1216.686364,943.6909091,103847.7818,777.5818182,1267.268182,1263.863636,56699.11364,4562.836364,4468.804545,38622.71364,1435960.8,8876.440909,1352.713636
9/30/2010,2010,09,1270.986364,970.8772727,107253.8364,815.8545455,1312.954545,1271.686364,58462.63636,4766.440909,4668.222727,39170.29545,1477650.795,9047.081818,1353.9
10/31/2010,2010,10,1342.033333,965.5,109704.5143,846.047619,1365.87619,1299.766667,59610.35714,5032.809524,4929.128571,40208.74762,1506024.614,9270.790476,1367.095238
11/30/2010,2010,11,1369.890909,1004.531818,113103.4636,858.3909091,1387.122727,1348.468182,61638,5137.236364,5031.363636,40923.36818,1545124.914,9559.259091,1385.813636
12/31/2010,2010,12,1388.986957,1051.104348,115647.0304,891.3608696,1399.386957,1344.486957,62685.84348,5209.034783,5101.682609,41824.42174,1591323.113,9468.552174,1397.286957
1/31/2011,2011,01,1358.742857,1016.966667,112299.581,861.3142857,1350.32381,1300.366667,61718.08571,5095.5,4990.571429,41527.87143,1521044.886,9405.961905,1364.352381
2/28/2011,2011,02,1372.735,1005.505,113389.155,851.045,1355.13,1304.89,62371.555,5148.18,5041.96,42156.995,1536328.125,9858.885,1361.25
3/31/2011,2011,03,1424.021739,1015.76087,116298.2217,881.2434783,1390.886957,1308.06087,64040.35652,5340.430435,5230.278261,43238.14348,1596019.035,9824.552174,1408.704348
4/30/2011,2011,04,1479.62381,1023.247619,123022.4048,903.3904762,1417.533333,1327.071429,65686.13333,5548.709524,5434.457143,44475.97143,1604984.738,9949.928571,1397.104762
5/31/2011,2011,05,1512.613636,1055.590909,122705.1045,925.9045455,1465.159091,1320.163636,67967.31818,5672.609091,5555.718182,45717.85909,1638972.25,10382.38182,1416.931818
6/30/2011,2011,06,1528.681818,1061.777273,122964.1409,942.8454545,1493.495455,1284.240909,68549.87727,5732.690909,5614.686364,46659.2,1652239.141,10378.69545,1440.513636
7/31/2011,2011,07,1572.814286,1101.780952,124721.7667,974.1333333,1503.480952,1293.647619,69851.13333,5898.309524,5776.82381,47340.29048,1664602.09,10682.21905,1459.790476
8/31/2011,2011,08,1757.213043,1226.669565,135238.8087,1074.665217,1726.517391,1374.347826,79753.41304,6589.869565,6454.130435,52507.6913,1888341.717,12453.45652,1673.682609
9/30/2011,2011,09,1771.854545,1287.240909,136099.1,1122.286364,1773.959091,1543.913636,84349.59545,6645.331818,6507.977273,53873.88182,1982075.205,13366.35,1730.790909
10/31/2011,2011,10,1665.214286,1213.742857,127618.6,1056.590476,1699.780952,1492.271429,82053.64286,6245.214286,6116.32381,51413.7,1916901.19,13249.92381,1641.085714
11/30/2011,2011,11,1738.977273,1282.840909,134783.7773,1100.309091,1782.336364,1579.295455,88268.31364,6521.8,6387.209091,53828.07273,1971918.195,14170.80909,1721.731818
12/31/2011,2011,12,1640.545455,1246.918182,127658.9818,1052,1678.713636,1530.35,86170.66364,6152.563636,6025.777273,51132.91818,1882998.409,13425.65,1619.954545
1/31/2012,2012,01,1650.431818,1280.054545,127012.0091,1063.995455,1673.104545,1549.304545,84437.95,6189.586364,6062.1,52083.68636,1886714.077,13232.14091,1586.622727
2/29/2012,2012,02,1742.619048,1316.72381,136849.9476,1102.77619,1736.852381,1589.404762,85728.00476,6535.352381,6400.62381,53517.52381,1956851.11,13313.9381,1623.328571
3/31/2012,2012,03,1673.781818,1267.359091,137951.45,1057.881818,1663.513636,1528.345455,84334.41364,6277.295455,6147.754545,51410.61364,1885579.355,12735.05909,1590.322727
4/30/2012,2012,04,1648.257143,1252.633333,133976.2381,1030.347619,1635.938095,1505.780952,85286.55714,6181.347619,6054.02381,50914.72857,1871468.676,12907.80476,1592.542857
5/31/2012,2012,05,1588.043478,1240.930435,126540.5739,997.7217391,1604.095652,1490.686957,86389.46087,5955.608696,5832.873913,49723.08261,1836998.078,12950.45217,1591.691304
6/30/2012,2012,06,1597.585714,1274.495238,126709.7,1027.247619,1642.719048,1530.604762,89560.5381,5991.547619,5867.933333,50592.38571,1860315.414,13398.52857,1600.438095
7/31/2012,2012,07,1593.931818,1297.281818,125880.3591,1022.5,1616.690909,1558.027273,88374.50455,5977.5,5854.4,50420.78636,1820715.882,13148.47273,1548.072727
8/31/2012,2012,08,1627.826087,1312.108696,128080.7783,1035.330435,1615.334783,1575.926087,90437.80435,6104.704348,5979,51158.45652,1842680.857,13460.06522,1554.53913
9/30/2012,2012,09,1744.46,1355.44,136313.535,1082.33,1707.49,1638.76,95072.2,6541.975,6407.4,54049.89,1960038.89,14413.29,1678.1
10/31/2012,2012,10,1747.021739,1346.495652,137980.2391,1086.5,1723.03913,1628.882609,92757.79565,6551.534783,6416.76087,53606.63913,1932525.691,15112.34348,1696.865217
11/30/2012,2012,11,1721.154545,1341.481818,139473.2455,1078.345455,1716.540909,1616.636364,94419.64091,6454.672727,6321.736364,52852.90909,1871148.905,15159.50455,1654.640909
12/31/2012,2012,12,1681.77619,1281.709524,140929.7619,1041.838095,1664.880952,1549.104762,91939.66667,6307.019048,6177.128571,51525.08095,1809524.129,14484.42381,1607.419048
1/31/2013,2013,01,1670.382609,1256.443478,148570.587,1046.043478,1657.847826,1542.695652,90665.26522,6264.321739,6135.321739,50227.51304,1781769.113,14687.76522,1591.678261
2/28/2013,2013,02,1627.605,1219.12,151503.885,1051.47,1643.48,1499.005,87618.34,6103.86,5978.165,48534.895,1768488.975,14451.755,1578.7
3/31/2013,2013,03,1593.147619,1229.9,150933.8714,1056.32381,1631.633333,1507.67619,86701.28571,5974.552381,5851.519048,47012.74762,1757180.543,14643.56667,1539.809524
4/30/2013,2013,04,1490.236364,1144.304545,145590.6545,973.3545455,1518.045455,1396.1,81052.39545,5588.65,5473.55,43356.89091,1671039.782,13560.12727,1435.15
5/31/2013,2013,05,1414.93913,1089.952174,142741.3696,925.4086957,1443.743478,1352.104348,77785.91304,5306.23913,5196.991304,42100.97826,1572729.509,13240.23913,1428.730435
6/30/2013,2013,06,1342.39,1018.01,130637.73,867.095,1384.765,1254.195,78302.7,5034.225,4930.44,41357.955,1523374.075,13429.42,1422.245
7/31/2013,2013,07,1286.747826,983.6086957,128239.8217,847.9956522,1338.978261,1216.386957,76948.86522,4825.63913,4726.169565,40054.53478,1448653.539,12756.59565,1405.134783
8/31/2013,2013,08,1348.495455,1012.777273,131853.0409,869.4,1403.790909,1248.609091,84929.53182,5057.3,4952.972727,42634.08182,1505224.868,13581.49091,1492.386364
9/30/2013,2013,09,1348.814286,1010.561905,133839.9048,850.4857143,1396.580952,1246.557143,86135.00952,5058.566667,4954.128571,42767.87619,1463306.595,13460.94286,1452.947619
10/31/2013,2013,10,1316.204348,964.6608696,128684.5957,817.8347826,1363.882609,1187.991304,81132.85652,4936.134783,4834.373913,41071.41739,1403608.013,13036.32174,1383.178261
11/30/2013,2013,11,1275.838095,945.8952381,127758.3095,792.4,1338.119048,1164.990476,79891.04762,4784.833333,4686.095238,40371.75238,1355882.71,13028.57143,1369.261905
12/31/2013,2013,12,1220.868182,890.8636364,126351.9773,745.4,1298.904545,1090.804545,75542.15455,4578.786364,4484.209091,39546.56818,1289396.123,12659.59091,1359.922727
1/31/2014,2014,01,1243.052174,912.5043478,129063.4957,754.5826087,1358.926087,1123.073913,77193.52609,4661.965217,4565.691304,40938.09565,1324800.383,13510.69565,1403.047826
2/28/2014,2014,02,1300.995,951.87,132798.83,785.19,1437.475,1162.505,80958.26,4879.15,4778.48,42455.17,1393132.1,14246.965,1449.595
3/31/2014,2014,03,1336.104762,966.147619,136737.9429,803.8095238,1483.77619,1176.361905,81441.95238,5010.8,4907.428571,43267.52857,1430480.357,14357.42381,1470.619048
4/30/2014,2014,04,1299.018182,940.5954545,133108.5545,775.5863636,1427.718182,1146.713636,78388.50909,4871.727273,4771.259091,41981.00909,1354580.45,13684.97727,1394.368182
5/31/2014,2014,05,1287.436364,937.3545455,131016.7864,764.2590909,1402.677273,1143.831818,76432.97273,4828.490909,4728.713636,41873.53182,1319617.641,13406.94091,1384.068182
6/30/2014,2014,06,1279.114286,940.8571429,130539.2238,756.547619,1385.361905,1145.752381,76433.45238,4797.428571,4698.061905,41583.92857,1303388.89,13666.25238,1365.966667
7/31/2014,2014,07,1310.986957,968.5652174,133409.4696,768.0695652,1407.330435,1176.926087,78752.52609,4916.630435,4815.217391,42096.13478,1337922.27,13974.46087,1396.534783
8/31/2014,2014,08,1295.12381,972.4809524,133309.4762,775.3666667,1414.728571,1178.138095,78834.88571,4857.180952,4756.947619,41470.02381,1326838.667,13803.98095,1391.080952
9/30/2014,2014,09,1238.836364,960.1863636,132851.3182,759.7909091,1362.640909,1159.686364,75404.85,4646.368182,4550.127273,39883,1280960.291,13597.13636,1368.15
10/31/2014,2014,10,1222.517391,964.526087,132051.6087,760.8130435,1371.178261,1164.991304,75051.87826,4586.165217,4490.226087,39687.48696,1297631.326,13519.26522,1392.821739
11/30/2014,2014,11,1176.315,942.63,136850.84,745.54,1331.89,1133.665,72587.23,4413.575,4320.595,38587.285,1290748.15,13039.96,1360.99
12/31/2014,2014,12,1199.008696,973.7478261,143247.4478,767.0043478,1383.26087,1170.834783,75267.21739,4500.165217,4403.926087,39462.51304,1323007.174,13799.1087,1454.873913
1/31/2015,2015,01,1249.781818,1075.281818,147875.0091,824.3454545,1510.231818,1178.409091,77725.08182,4693.681818,4590.440909,40926.06364,1360611.768,14440.89545,1547.290909
2/28/2015,2015,02,1227.205,1080.585,145710.2,800.46,1534.535,1147.635,76152.62,4604.23,4507.475,39969.31,1348480.07,14214.435,1575.13
3/31/2015,2015,03,1178.65,1089.286364,141900.4682,788.0318182,1487.022727,1154.35,73637.47727,4420.545455,4329.077273,38455.36818,1311651.014,14242.71818,1525.681818
4/30/2015,2015,04,1197.981818,1107.754545,143213.4545,800.8909091,1479.036364,1149.681818,75144.5,4493.077273,4400.181818,38986.85455,1301034.664,14368.45455,1549.177273
5/31/2015,2015,05,1198.204762,1073.642857,144765,775.347619,1459.661905,1116.57619,76408.47143,4493.414286,4401.014286,40107.61429,1307502.033,14335.2619,1519.233333
6/30/2015,2015,06,1181.513636,1053.359091,146250.6227,759.0454545,1461.236364,1101.804545,75441.39545,4430.786364,4339.677273,39849.45455,1314282.709,14537.26364,1532.213636
7/31/2015,2015,07,1130.047826,1026.878261,139326.813,726.2956522,1451.373913,1077.83913,71923.78696,4237.986957,4150.63913,38786.58261,1294692.309,14069.7,1524.573913
8/31/2015,2015,08,1118.328571,1004.37619,137561.0857,718.0809524,1470.566667,1083.2,72802.90476,4194.42381,4107.590476,39630.78095,1319497.976,14427.55238,1534.042857
9/30/2015,2015,09,1124.554545,1002.427273,135115.25,733.7181818,1492.095455,1094.077273,74480.35909,4217.513636,4130.245455,40519.27273,1333594.059,15369.14091,1594.809091
10/31/2015,2015,10,1159.263636,1032.068182,139142.2818,755.7136364,1514.313636,1122.740909,75445.75,4347.459091,4257.809091,41384.61818,1327612.368,15626.53182,1608.045455
11/30/2015,2015,11,1085.709524,1012.533333,133164.8429,714.6952381,1441.738095,1096.457143,71858.35714,4072.709524,3987.733333,38867.7,1252021.081,15364.60476,1519.709524
12/31/2015,2015,12,1067.913043,980.7869565,129868.8217,713.1608696,1464.952174,1062.586957,71079.88261,4006.747826,3922.3,38459.74783,1252599.765,16049.73043,1473.426087
1/31/2016,2016,01,1095.619048,1009.880952,129617.6667,761.1714286,1556.866667,1104.819048,73760.9,4111.114286,4024.042857,39600.95714,1317263.967,17869.78571,1563.090476
2/29/2016,2016,02,1199.928571,1081.885714,137467.7762,839.7285714,1656.438095,1190.566667,81885.77143,4500.261905,4407.314286,42726.22857,1460826.976,18917.28095,1682.971429
3/31/2016,2016,03,1244.143478,1117.904348,140448.3348,873.426087,1646.004348,1221.026087,83298.62174,4665.926087,4569.686957,43838.23043,1473793.843,19155.35652,1658.8
4/30/2016,2016,04,1242.280952,1095.438095,136111.5952,867.9571429,1593.333333,1197.204762,82588.59524,4658.714286,4562.833333,43575.92381,1424416.171,18135.80476,1621.604762
5/31/2016,2016,05,1258.654545,1113.154545,137070.0818,866.3409091,1629.740909,1230.986364,84232.53182,4720.5,4622.945455,44586.4,1475739.986,19319.96818,1721.381818
6/30/2016,2016,06,1276.418182,1136.522727,134360.6318,900.1181818,1645.622727,1236.831818,85901.99545,4786.972727,4688.177273,45049.89091,1492031.477,19204.96364,1724.081818
7/31/2016,2016,07,1337.347619,1209.32381,139231.3714,1017.738095,1744,1313.847619,89877.31905,5015.909524,4912.038095,46861.20476,1526940.648,19263.9,1776.27619
8/31/2016,2016,08,1340.13913,1195.721739,135641.3652,1023.086957,1741.330435,1301.030435,89681.47826,5025.895652,4922.317391,46524.38696,1488961.1,18430.7,1756.252174
9/30/2016,2016,09,1326.05,1182.686364,135052.1591,1009.059091,1736.845455,1291.25,88533.31364,4974.036364,4870.572727,46054.40909,1469783.818,18619.46818,1747.104545
10/31/2016,2016,10,1266.590476,1149.614286,131597.3571,1027.504762,1676.985714,1251.095238,84510.02857,4750.880952,4652.12381,44412.98571,1426572.71,17638.57143,1663.642857
11/30/2016,2016,11,1236.004545,1145.854545,134025.7955,994.3363636,1661.772727,1231.777273,83514.16818,4635.677273,4539.772727,43668.25455,1437096.573,17260.60455,1642.377273
12/31/2016,2016,12,1148.445455,1089.513636,133363.5727,921.0409091,1532.713636,1171.309091,77936.92273,4307.936364,4218.018182,41106.74545,1360073.764,15907.93636,1565.204545
1/31/2017,2017,01,1190.518182,1119.818182,136797.7773,964.1181818,1571.072727,1199.836364,81067.71818,4465.086364,4372.731818,42219.11818,1404724.632,16147.14545,1595.795455
2/28/2017,2017,02,1234.38,1159.55,139441.215,988.28,1617.765,1236.02,82740.67,4629.3,4533.625,43216.715,1411229.535,16280.04,1610.7
3/31/2017,2017,03,1231.113043,1151.365217,138965.8522,996.9565217,1648.234783,1232.826087,81075.73913,4616.908696,4521.647826,42938.87391,1395591.457,15899.55652,1615.408696
4/30/2017,2017,04,1267.51,1183.005,139571.965,1002.78,1702.265,1268.35,81781.315,4753.515,4655.455,43680.735,1436174.27,17046.595,1682.69
5/31/2017,2017,05,1246.834783,1127.586957,139841.2783,964.4130435,1694.978261,1229.369565,80353.65652,4676.030435,4579.521739,42978.25652,1404022.096,16514.9913,1676.326087
6/30/2017,2017,06,1260.277273,1121.640909,139736.3136,983.6,1675.877273,1219.563636,81223.00455,4726.581818,4628.927273,42856.12273,1425215.795,16244.30909,1667.018182
7/31/2017,2017,07,1236.242857,1073.071429,139004.6381,951.3619048,1569.919048,1187.519048,79679.65238,4636.061905,4540.652381,41708.39524,1400565.724,16262.78571,1585.6
8/31/2017,2017,08,1282.46087,1085.73913,140798.6435,990.1782609,1616.804348,1237.652174,82045.47391,4809.452174,4710.426087,42657.53043,1451416.761,16966.68261,1620.452174
9/30/2017,2017,09,1315,1103.842857,145598.1048,987.3619048,1615.314286,1265.452381,84755.75714,4931.452381,4829.87619,43593.48571,1489706.733,17311.32857,1649.57619
10/31/2017,2017,10,1279.536364,1088.445455,144452.1773,969.5863636,1612.5,1256.468182,83256.19545,4798.554545,4699.609091,42531.08182,1450700.973,17540.28636,1643.313636
11/30/2017,2017,11,1282.3,1092.154545,144623.3545,970.0727273,1637.422727,1271.268182,83181.14545,4809.077273,4709.75,42202.04091,1414057.605,18038.04091,1682.422727
12/31/2017,2017,12,1263.166667,1067.67619,142746.6238,942.7809524,1612.995238,1247.8,81158.28571,4737.142857,4639.366667,41243.67619,1370327.314,16510.22857,1651.228571
1/31/2018,2018,01,1329.926087,1090.252174,147470.0043,962.5695652,1652.83913,1277.352174,84639.6,4987.486957,4884.63913,42465.28696,1418610.178,16235.1,1672.117391
2/28/2018,2018,02,1331.555,1078.88,143632.385,953.8,1676.125,1245.475,85757.495,4993.58,4890.74,41916.175,1438444.745,15745.795,1692.06
3/31/2018,2018,03,1324.645455,1074.290909,140493.9864,948.0681818,1713.627273,1256.245455,86195.76364,4967.7,4865.363636,41424.74091,1419797.177,15703.16364,1708.390909
4/30/2018,2018,04,1334.247619,1087.271429,143653.2714,947.5142857,1698.77619,1292.109524,87647.86667,5003.619048,4900.680952,41766.27143,1425039.095,16152.00952,1736.142857
5/31/2018,2018,05,1303.343478,1104.047826,142964.1609,968.5826087,1678.36087,1299.83913,88005.93478,4887.873913,4787.291304,41653.30435,1403683.813,16373.35217,1732.369565
6/30/2018,2018,06,1281.6,1097.442857,141048.5524,964.447619,1682.142857,1268.695238,86888.1381,4806.233333,4707.385714,41617.5,1401489.833,17068.55238,1709.809524
7/31/2018,2018,07,1238.55,1059.913636,138042.2864,940.5090909,1626.504545,1231.859091,85122.92727,4644.913636,4549.290909,41220.72727,1390875.614,16580.02273,1673.318182
8/31/2018,2018,08,1201.117391,1039.926087,133329.5217,932.5173913,1565.804348,1186.613043,83648.96087,4504.678261,4411.791304,39675.9087,1346777.2,16916.14783,1638.921739
9/30/2018,2018,09,1198.495,1027.18,134264.6,917.585,1562.805,1159.945,86545.165,4495.015,4402.11,39074.355,1341595.595,17691.235,1663.33
10/31/2018,2018,10,1215.421739,1058.365217,137025.1696,934.226087,1580.926087,1208.108696,89455.16087,4559.069565,4464.304348,39852.25652,1376084.922,17625.95652,1709.695652
11/30/2018,2018,11,1220.972727,1074.331818,138362.3727,946.5,1612.104545,1222.354545,87727.08636,4580.518182,4484.709091,40250.88636,1376623.818,17199.55455,1684.772727
12/31/2018,2018,12,1250.890476,1099.157143,140222.4238,987.5857143,1682.033333,1240.871429,88455.66667,4692.933333,4594.590476,40902.56667,1404032.395,17840.10952,1747
1/31/2019,2019,01,1291.208696,1130.717391,140679.613,1001.547826,1719.121739,1277.552174,91350.17826,4843.121739,4742.708696,41116.1,1447999.022,17877.38696,1806.669565
2/28/2019,2019,02,1320.095,1163.48,145794.865,1014.18,1743.715,1321.875,94026.39,4950.745,4848.73,41327.48,1482375.61,18270.28,1848.855
3/31/2019,2019,03,1300.919048,1151.57619,144596.0619,988.1142857,1739.104762,1301.409524,90427.48095,4878.761905,4778.380952,41265.62857,1472014.571,18718.37619,1836.97619
4/30/2019,2019,04,1285.486364,1144.063636,143487.55,986.3954545,1719.763636,1295.813636,89239.96364,4820.859091,4721.690909,40930.61364,1469017.295,18180.86364,1807.327273
5/31/2019,2019,05,1283.669565,1147.447826,141168.7,999.5043478,1727.443478,1297.613043,89599.42609,4813.995652,4714.952174,40829.18696,1519294.683,18518.55217,1848.595652
6/30/2019,2019,06,1359.065,1203.11,146878.1,1071.865,1805.825,1342.48,94352.51,5096.92,4991.96,42298.91,1594903.495,19805.595,1956.46
7/31/2019,2019,07,1413.004348,1259.982609,152970.4783,1133.469565,1851.730435,1396.03913,97169.56087,5299.404348,5190.06087,43515.13913,1663251.404,19836.53043,2024.417391
8/31/2019,2019,08,1499.054545,1347.454545,159240.5091,1233.081818,1989.9,1468.104545,106652.9045,5622.504545,5506.095455,46100.70455,1815075.136,22746.93636,2212.959091
9/30/2019,2019,09,1511.328571,1372.895238,162427.9476,1223.419048,2001.814286,1496.980952,107869.2476,5668.966667,5551.266667,46196.38095,1807990.81,22424.8381,2219.166667
10/31/2019,2019,10,1494.830435,1352.269565,161668.5348,1182.578261,1972.104348,1484.882609,106207.1826,5606.6,5490.504348,45380.41304,1769572.778,22288.84783,2199.952174
11/30/2019,2019,11,1470.052381,1330.347619,160084.7429,1140.980952,1945.580952,1459.680952,105070.6476,5512.819048,5399.519048,44453.4381,1717541.757,21740.8619,2153.471429
12/31/2019,2019,12,1478.645455,1330.663636,161367.5136,1128.927273,1947.581818,1453.081818,105253.9591,5546.081818,5431.231818,44661.69545,1736654.755,21280.12273,2146.6
1/31/2020,2020,01,1558.695652,1404.008696,170299.9565,1191.826087,2039.365217,1511.26087,111123.4826,5847.447826,5725.234783,47443.56957,1818182.23,22461.87391,2272.630435
2/29/2020,2020,02,1597.12,1464.55,175736.79,1232.72,2121.27,1559.415,114199.56,5991.005,5866.375,50033.725,1909251.42,24012.255,2396.405
3/31/2020,2020,03,1591.945455,1441.295455,171397.1091,1288.136364,2221.545455,1527.136364,118572.3091,5976.727273,5847.4,51104.69545,1941277.886,26546.37273,2562.486364
4/30/2020,2020,04,1682.754545,1547.709091,181319.7818,1355.086364,2363.581818,1632.368182,128213.8045,6322.981818,6180.872727,54922.6,2060175.241,31191.86818,2666.168182
5/31/2020,2020,05,1716.638095,1573.980952,184113.1571,1395.680952,2398.857143,1663.880952,129892.4524,6448.509524,6305.342857,55056.05714,2110586.105,31175.52381,2634.004762
6/30/2020,2020,06,1732.25,1538.472727,186369.4091,1383.331818,2347.563636,1648.209091,131213.8909,6500.009091,6362.686364,53985.41818,2092200.718,29685.91818,2510.772727
7/31/2020,2020,07,1843.330435,1605.76087,196701.8217,1452.1,2488.447826,1719.786957,138180.4696,6913.765217,6770.756522,57960.06087,2209729.687,30875.06087,2619.091304
8/31/2020,2020,08,1968.071429,1663.671429,208684.9667,1498.338095,2604.22381,1791.233333,146881.0143,7380.933333,7228.852381,61419.78095,2334521.767,33944.69048,2732.666667
9/30/2020,2020,09,1922.240909,1630.940909,203001.85,1483.722727,2542.595455,1758.713636,141299.3273,7209.818182,7060.563636,60318.41818,2263182.586,32167.38182,2659.845455
10/31/2020,2020,10,1903.342857,1617.7,201195.5,1470.928571,2523.071429,1744.228571,139420.2143,7139.3,6991.2,59611.68571,2210058.671,31471.3,2652.9
