Date,US dollar,Euro,Japanese yen,Pound sterling,Canadian dollar,Swiss franc,Indian rupee,Saudi riyal,UAE dirham,Thai baht,Korean won,South African rand,Australian dollar,Quarter,Year
1979-03-31,238.11874999999995,146.57187500000003,47981.234375000015,118.09062500000002,281.97812500000003,398.51093750000007,1944.0437499999994,794.675,910.7203124999997,4800.9,115233.45000000001,203.55468749999997,210.20312499999994,1,1979
1979-06-30,258.50153846153836,160.89538461538461,56378.68461538463,124.20153846153843,299.56461538461537,443.3892307692308,2108.8969230769226,876.696923076923,988.6646153846151,5211.943076923077,124209.75538461536,218.51538461538462,233.23230769230776,2,1979
1979-09-30,315.7030769230769,190.2061538461539,69089.27692307692,141.58153846153843,367.95846153846156,517.0723076923076,2517.7784615384626,1060.887692307692,1195.4292307692306,6420.269230769231,153096.2984615385,264.0815384615384,279.85076923076923,3,1979
1979-12-31,413.9166666666666,246.6439393939394,98773.86666666667,191.54545454545453,486.72727272727263,672.9727272727273,3369.6121212121225,1393.9727272727273,1570.3530303030307,8403.963636363635,200378.0803030303,342.9560606060605,375.3136363636363,4,1979
1980-03-31,630.2523076923077,376.12769230769214,153243.93538461538,279.2723076923077,733.34,1044.8753846153845,5043.516923076925,2112.749230769231,2369.1692307692306,12809.687692307692,343791.5784615385,513.8907692307694,571.7661538461538,1,1980
1980-06-30,542.0876923076922,332.72461538461545,125604.45076923072,237.41538461538465,634.3061538461536,913.6784615384618,4298.426153846154,1799.270769230769,2011.5630769230766,11002.64,317631.40769230766,428.5399999999999,481.7153846153846,2,1980
1980-09-30,648.8106060606061,393.4439393939393,142604.5257575758,272.3681818181818,751.9363636363635,1059.9454545454546,5033.922727272726,2151.9363636363632,2392.819696969697,13176.178787878784,394068.5712121213,492.88030303030314,558.280303030303,3,1980
1980-12-31,626.928787878788,406.159090909091,132056.6636363637,262.51363636363635,742.3,1080.4757575757576,4887.046969696971,2084.162121212122,2307.1696969696964,12805.859090909096,405718.1636363637,471.5348484848484,536.1787878787878,4,1980
1981-03-31,520.2562499999999,369.8171875,107110.95624999997,225.00312499999998,621.7859375,985.9625000000001,4220.628125000001,1738.8765625,1908.3281249999993,10667.178124999997,347709.11406249995,401.1765625,445.6374999999999,1,1981
1981-06-30,478.36153846153826,377.2061538461539,105181.46923076926,230.08,573.2061538461539,974.5861538461537,4030.667692307691,1615.226153846154,1778.932307692308,9931.88153846154,335277.2569230769,401.0553846153846,417.8323076923077,2,1981
1981-09-30,421.17424242424227,355.4787878787878,97524.39696969697,229.27121212121213,509.82424242424247,881.8818181818183,3792.20303030303,1438.6166666666668,1549.9242424242425,9467.318181818184,294094.53484848473,395.62121212121224,368.18333333333334,3,1981
1981-12-31,419.7439393939393,341.08939393939414,94333.62878787877,223.17575757575753,500.719696969697,768.2787878787877,3835.830303030301,1436.4151515151518,1541.55303030303,9621.427272727276,286753.7621212122,404.23636363636354,368.31969696969696,4,1981
1982-03-31,361.87343749999985,308.78593750000005,84539.15312499998,195.88281250000006,437.34062500000005,678.3531250000001,3329.0828124999994,1238.046875,1333.4093750000004,8304.946875000001,258917.04218749996,357.77343749999994,333.128125,1,1982
1982-06-30,333.3830769230767,296.8446153846154,81444.40461538464,187.44769230769234,414.57230769230773,666.1415384615384,3120.081538461538,1143.3984615384616,1224.9276923076923,7627.709230769228,242933.46769230775,358.97230769230777,318.1323076923077,2,1982
1982-09-30,381.00757575757564,360.6121212121212,98641.64696969697,220.9333333333333,475.27878787878814,805.4666666666667,3648.2045454545464,1310.2424242424245,1399.1257575757577,8726.625757575759,284536.0742424243,437.34999999999997,388.36212121212134,3,1982
1982-12-31,427.7333333333332,417.4848484848485,110518.46060606057,259.7757575757576,526.781818181818,912.9909090909089,4151.8242424242435,1471.9030303030313,1571.186363636364,9788.87878787879,321215.3484848485,481.6954545454546,449.36363636363626,4,1982
1983-03-31,461.88593749999984,443.5734375000001,109223.884375,301.46718749999997,568.0859375000002,934.1187500000001,4569.265625,1592.8015624999996,1704.9203125000006,10611.367187500004,358508.78437500005,501.984375,491.0312500000002,1,1983
1983-06-30,427.15538461538443,432.6184615384615,101478.73384615383,275.0923076923077,525.6907692307693,887.0092307692308,4267.3953846153845,1474.5092307692307,1566.5707692307697,9765.703076923075,327367.67692307686,465.1753846153847,488.30769230769255,2,1983
1983-09-30,416.85757575757543,452.14696969696985,101181.00454545456,276.16212121212135,513.857575757576,896.3363636363637,4230.557575757574,1445.7439393939394,1532.7242424242427,9570.462121212122,327766.50454545463,462.4363636363635,473.33333333333337,3,1983
1983-12-31,387.2646153846153,429.85384615384606,90739.89538461535,263.6184615384614,479.64461538461535,837.3723076923078,4008.9076923076927,1349.2846153846149,1424.3815384615384,8884.481538461536,310649.40769230755,455.8246153846155,425.4246153846155,4,1983
1984-03-31,383.8646153846154,431.57384615384626,88629.87692307691,267.2999999999999,482.10461538461544,843.2600000000002,4108.381538461538,1347.6030769230767,1406.5923076923077,8795.246153846152,308249.7307692308,473.32615384615383,412.2738461538462,1,1984
1984-06-30,378.9861538461538,428.0538461538462,87089.0753846154,271.46615384615393,489.7369230769233,851.732307692308,4145.423076923078,1333.9646153846152,1388.4246153846152,8719.346153846149,304087.3107692307,484.04615384615397,419.2461538461539,2,1984
1984-09-30,345.6399999999998,419.21846153846155,84054.48307692306,266.05230769230764,453.5153846153848,842.4184615384613,3984.9307692307693,1218.8861538461542,1276.3400000000001,7942.846153846156,284229.1861538461,543.5323076923077,412.1661538461539,3,1984
1984-12-31,333.5969696969696,423.6545454545454,82044.42121212123,274.13939393939387,439.780303030303,838.8924242424241,4023.7757575757587,1188.0015151515154,1224.601515151515,8386.178787878789,273089.4757575757,605.7727272727274,394.79090909090905,4,1984
1985-03-31,302.12499999999994,408.35937499999994,77697.98437499999,270.58125,408.4000000000001,830.0578125000001,3845.2796875000004,1084.7515624999999,1102.7968750000002,8213.218749999998,253879.98750000008,616.3140625,403.1125,1,1985
1985-06-30,319.096923076923,413.6107692307692,79997.95846153845,254.31384615384613,436.72000000000014,827.6061538461541,3944.8123076923066,1155.5815384615385,1173.6953846153845,8658.753846153848,275215.4723076922,626.8476923076922,477.8353846153846,2,1985
1985-09-30,323.460606060606,392.53636363636355,77124.6121212121,235.06666666666678,439.85454545454536,759.1121212121213,3873.674242424242,1180.3515151515155,1186.3075757575757,8633.277272727275,283591.9772727273,731.716666666667,462.9151515151515,3,1985
1985-12-31,324.5318181818181,362.2303030303028,67225.78636363636,226.18030303030307,447.32424242424236,691.9954545454543,3898.224242424243,1184.0090909090907,1191.9803030303033,8495.918181818182,291150.8696969698,857.6924242424244,471.75454545454534,4,1985
1986-03-31,343.12656250000003,350.90625,64511.056250000016,238.196875,481.0140624999999,678.8625,4194.928124999999,1251.3796875000007,1258.5296875,8945.964062499997,304123.9749999999,742.6265625000001,488.10468750000007,1,1986
1986-06-30,341.8215384615385,337.4892307692307,58068.34461538462,226.56615384615384,472.9676923076924,637.3692307692306,4246.967692307695,1257.9692307692303,1254.8784615384616,8886.57538461538,300974.78307692317,768.5246153846156,479.1907692307691,2,1986
1986-09-30,380.6196969696969,352.37727272727267,59213.73333333333,255.82424242424244,526.7151515151514,640.4575757575759,4768.483333333332,1425.939393939394,1396.7893939393944,9842.707575757577,336484.9681818182,941.6363636363634,612.2590909090908,3,1986
1986-12-31,404.1878787878786,363.30909090909086,64822.55303030302,282.4787878787877,560.3666666666669,672.5075757575756,5241.5060606060615,1517.0151515151515,1485.8030303030305,10505.074242424243,352078.1939393941,905.8242424242425,624.7227272727271,4,1986
1987-03-31,405.96562499999993,340.15625,62173.53281250001,263.2874999999999,543.1796874999999,627.7781250000004,5250.028125,1521.7234374999998,1490.2671874999996,10395.328124999996,346978.0359375,844.8125,603.9578125,1,1987
1987-06-30,449.2692307692306,370.5015384615383,64053.07230769231,273.55230769230775,598.6276923076922,669.5430769230769,5713.084615384616,1683.7753846153848,1648.7861538461539,11426.895384615384,371449.53230769234,903.9553846153846,628.4507692307694,2,1987
1987-09-30,457.0742424242424,383.0954545454546,67121.74545454547,282.4742424242425,603.8651515151515,696.4242424242425,5924.3772727272735,1712.8287878787883,1677.1909090909087,11739.945454545457,368840.54696969694,940.1681818181818,639.3893939393942,3,1987
1987-12-31,473.1045454545455,369.2106060606061,64022.293939393945,269.6969696969697,619.9015151515152,662.1409090909092,6111.971212121212,1771.8106060606058,1736.489393939394,11905.946969696965,377277.253030303,941.334848484849,671.910606060606,4,1987
1988-03-31,453.8923076923078,349.1015384615385,58018.25076923075,252.31538461538466,574.9784615384616,623.1784615384614,5887.164615384615,1700.8261538461536,1665.698461538461,11360.556923076923,350099.4184615383,930.6523076923078,630.2938461538461,1,1988
1988-06-30,451.4784615384615,353.9323076923077,56733.36923076924,245.3815384615384,555.0353846153847,640.5446153846153,6047.672307692306,1693.6153846153845,1658.5507692307697,11334.364615384615,332483.08923076926,996.8076923076922,580.6138461538462,2,1988
1988-09-30,427.40757575757584,366.2909090909091,57172.45303030303,252.10151515151517,521.3803030303028,668.709090909091,6076.248484848484,1603.604545454545,1570.4242424242423,10888.636363636364,309164.2878787879,1040.162121212121,534.8318181818182,3,1988
1988-12-31,415.2676923076921,338.15846153846155,51917.16923076923,231.8215384615384,500.85384615384623,619.9892307692307,6159.210769230771,1556.5476923076922,1524.3230769230775,10433.492307692308,288496.59230769216,996.4123076923074,494.0046153846155,4,1988
1989-03-31,394.28769230769245,331.90153846153845,50685.138461538474,225.68769230769232,470.20615384615394,623.743076923077,6009.216923076925,1480.6199999999997,1449.6799999999998,9990.629230769235,267614.1692307693,971.0646153846154,466.51076923076937,1,1989
1989-06-30,374.0246153846154,328.00153846153853,51639.15846153845,230.26307692307697,446.52307692307687,634.163076923077,5997.004615384616,1403.9046153846155,1374.8200000000002,9598.61076923077,249712.80153846156,999.0323076923075,482.13230769230756,2,1989
1989-09-30,367.1876923076923,319.44307692307694,52170.01999999999,229.9384615384615,433.583076923077,608.3261538461538,6054.2646153846135,1374.7984615384614,1346.1307692307691,9419.40153846154,245115.36153846158,1001.9846153846153,479.8446153846153,3,1989
1989-12-31,389.8969230769231,322.6876923076923,55813.06307692309,245.90923076923073,455.5076923076923,625.9092307692308,6551.884615384617,1462.7953846153846,1431.9938461538463,10015.029230769234,262463.07538461534,1022.6138461538463,499.0646153846154,4,1989
1990-03-31,406.2446153846154,314.83076923076936,60042.936923076915,245.3046153846154,480.05230769230786,611.8553846153845,6891.998461538461,1521.7446153846154,1489.9584615384613,10423.350769230768,280063.95692307694,1043.2830769230766,530.0753846153847,1,1990
1990-06-30,365.3769230769231,278.586153846154,56724.63846153846,218.24461538461534,427.5246153846153,527.3261538461535,6316.94,1368.8276923076928,1340.3707692307692,9423.789230769231,258974.35692307696,968.7200000000001,475.7030769230768,2,1990
1990-09-30,382.42307692307685,276.55076923076933,55520.73846153847,205.1446153846154,440.6876923076925,509.9861538461537,6689.212307692304,1433.3661538461536,1403.4799999999998,9738.984615384614,273352.20461538463,989.4415384615384,472.8984615384615,3,1990
1990-12-31,380.32424242424236,261.9469696969698,49760.76969696971,195.64696969696965,441.5757575757577,484.2242424242425,6875.356060606063,1426.063636363636,1396.6530303030306,9523.018181818183,271689.5575757576,963.7969696969699,486.05303030303014,4,1990
1991-03-31,370.72343749999993,263.1484375,49651.48437500001,194.61093749999998,428.6343749999999,485.2328125000001,6963.4578125,1391.5531250000001,1362.9312499999996,9350.010937500001,267847.10468750005,958.5499999999998,476.5437500000001,1,1991
1991-06-30,360.37538461538463,287.9123076923077,49845.08461538463,210.9907692307692,414.1599999999998,531.130769230769,7372.176923076922,1352.0184615384615,1322.8030769230768,9222.17230769231,261743.41230769237,1008.7846153846156,467.57846153846157,2,1991
1991-09-30,357.8393939393939,288.7530303030302,48813.73181818181,212.56969696969696,409.3242424242425,543.55,9189.359090909089,1340.940909090909,1312.5030303030305,9174.586363636361,261950.97727272732,1024.0924242424242,457.64545454545447,3,1991
1991-12-31,359.969696969697,272.15909090909076,46585.712121212106,202.79848484848492,408.410606060606,515.6333333333332,9285.578787878789,1346.4969696969697,1320.25,9145.375757575755,270750.6015151515,1006.0090909090906,459.2651515151515,4,1991
1992-03-31,350.85538461538465,264.17999999999995,45100.86461538461,198.1338461538461,412.75076923076927,510.29076923076923,9355.833846153848,1316.9723076923071,1289.6292307692304,8926.623076923077,269173.7569230769,991.4353846153846,466.5676923076924,1,1992
1992-06-30,338.87999999999994,253.98923076923072,44151.54461538461,187.59846153846155,404.62153846153865,500.77076923076913,9681.604615384615,1268.8738461538455,1243.1215384615389,8634.03230769231,265063.86461538455,963.3830769230766,446.6569230769232,2,1992
1992-09-30,347.18333333333334,238.9530303030303,43349.843939393926,182.65303030303028,416.98333333333323,452.4515151515151,9855.839393939395,1302.2303030303033,1275.3409090909092,8754.45303030303,273554.4909090909,962.1984848484847,474.85303030303027,3,1992
1992-12-31,337.96969696969705,256.9075757575757,41552.28333333335,214.2954545454545,426.3727272727273,469.0787878787878,9645.931818181816,1267.839393939394,1241.374242424242,8577.95,265932.30151515146,1001.3318181818181,484.1090909090909,4,1992
1993-03-31,329.56875,269.021875,39800.3421875,223.17187500000009,415.46406249999995,496.23906250000005,9946.165625000003,1235.0218750000001,1209.6656249999994,8388.751562500001,261653.88281250003,1028.9640625,478.2187499999999,1,1993
1993-06-30,360.13846153846146,291.49538461538464,39583.59230769231,234.91846153846146,457.5061538461539,526.5692307692308,11297.147692307693,1351.733846153846,1323.7292307692308,9080.526153846153,288110.8415384614,1151.2876923076922,519.4692307692306,2,1993
1993-09-30,375.3090909090908,320.5833333333334,39655.365151515136,249.5166666666667,488.81515151515146,554.7136363636363,11789.342424242426,1407.1242424242416,1377.2984848484853,9458.601515151515,303074.0227272727,1265.581818181818,560.789393939394,3,1993
1993-12-31,374.2803030303029,323.81515151515146,40532.20757575757,250.8818181818182,495.9787878787879,549.1621212121212,11744.190909090908,1403.7742424242426,1374.374242424243,9495.277272727273,302644.5363636365,1264.0348484848487,560.9560606060604,4,1993
1994-03-31,384.43281249999995,337.77812499999993,41343.27031249999,258.2718749999999,515.8015624999999,557.94375,12058.782812500003,1441.4781250000003,1411.4718749999997,9763.540625000003,310975.0624999999,1321.8812500000001,543.2593750000001,1,1994
1994-06-30,381.8799999999999,323.41076923076923,39426.81538461542,253.91846153846143,527.9092307692308,537.5076923076922,11977.239999999998,1431.9446153846154,1402.964615384615,9621.090769230768,308169.34769230767,1380.2969230769233,526.7676923076922,2,1994
1994-09-30,385.78484848484845,310.0227272727272,38219.85,248.72424242424236,529.0833333333333,505.58939393939386,12101.625757575757,1446.8515151515148,1416.9924242424245,9638.99242424242,309732.7575757575,1391.5681818181818,522.1499999999999,3,1994
1994-12-31,384.5861538461537,307.0646153846154,38022.31538461539,242.85230769230768,526.0,498.7261538461536,12068.50307692308,1442.5276923076929,1412.163076923077,9621.516923076922,305907.5846153847,1362.2630769230768,508.95076923076937,4,1994
1995-03-31,379.31230769230785,296.72307692307714,36388.31538461538,239.67846153846153,533.8646153846154,470.4569230769233,11930.401538461541,1422.5861538461538,1393.0846153846155,9466.62923076923,298195.26153846167,1353.1369230769226,507.32769230769213,1,1995
1995-06-30,387.8538461538462,291.0523076923077,32740.210769230765,242.94307692307694,531.7892307692309,447.7692307692308,12178.663076923072,1454.6138461538465,1424.4584615384613,9551.384615384613,295887.21076923073,1412.2707692307688,533.24,2,1995
1995-09-30,384.30461538461543,290.4446153846155,36167.21538461538,244.2738461538462,521.016923076923,453.5553846153845,12311.621538461539,1441.3046153846153,1411.4353846153845,9584.175384615382,294285.78307692317,1401.2553846153849,518.7846153846153,3,1995
1995-12-31,385.3030769230767,289.6784615384615,39107.232307692306,246.94000000000003,522.2753846153847,443.2815384615385,13381.943076923077,1445.041538461538,1415.1123076923075,9687.090769230768,296420.8800000002,1407.467692307692,515.2184615384615,4,1995
1996-03-31,399.9415384615386,306.2092307692308,42275.39076923076,261.1276923076924,547.5692307692309,475.79846153846154,14214.403076923078,1499.9092307692313,1468.883076923077,10098.60153846154,313046.92307692306,1506.5353846153848,529.1384615384617,1,1996
1996-06-30,390.2507692307692,305.88615384615383,41928.70153846154,256.21076923076913,532.5430769230769,485.09999999999997,13516.858461538463,1463.5107692307693,1433.3030769230766,9874.752307692306,306711.4661538461,1681.2584615384615,492.9923076923078,2,1996
1996-09-30,384.671212121212,296.6712121212122,41906.701515151515,247.44090909090912,527.0424242424243,470.2469696969697,13680.274242424237,1442.6696969696964,1412.7984848484853,9745.19090909091,314389.82727272727,1720.1060606060607,487.9000000000001,3,1996
1996-12-31,376.0287878787879,294.48636363636354,42439.39545454543,229.9318181818181,507.7939393939394,483.9075757575756,13435.445454545456,1410.230303030303,1380.9333333333338,9590.254545454543,312695.7651515151,1743.7333333333331,472.87272727272733,4,1996
1997-03-31,351.48125,296.9406249999999,42526.985937499994,215.31093750000002,477.56875,503.8234375000002,12605.703124999998,1318.1624999999995,1290.6578125000008,9092.442187499999,304127.11875,1586.8562499999996,451.6203124999999,1,1997
1997-06-30,342.99538461538464,300.0815384615386,41073.59846153847,209.70307692307688,475.3384615384614,495.57230769230773,12278.870769230774,1286.3523076923082,1259.6261538461536,8806.390769230771,305849.4907692309,1532.5923076923075,445.8292307692308,2,1997
1997-09-30,323.6681818181819,297.4727272727273,38162.98636363636,199.12727272727275,448.0378787878789,481.4106060606062,11658.049999999996,1213.8787878787875,1188.6742424242425,10658.728787878788,290998.0909090908,1502.357575757576,439.9969696969698,3,1997
1997-12-31,306.7848484848485,274.4545454545454,38393.01969696969,184.97575757575763,431.8560606060604,439.8924242424242,11505.324242424238,1150.6106060606066,1126.7257575757576,12435.706060606062,353608.162121212,1472.6757575757579,442.8030303030304,4,1997
1998-03-31,294.1046875,273.02187500000014,37696.789062499985,178.62968749999996,420.6499999999999,434.0078124999999,11535.6296875,1103.075,1080.1812500000003,13762.031250000002,471277.0828125,1455.3249999999998,441.22031250000003,1,1998
1998-06-30,300.0446153846154,274.7830769230768,40674.619999999995,181.38307692307694,433.9153846153844,447.7753846153846,12222.133846153845,1125.3015384615383,1101.9753846153847,12092.133846153845,418085.8092307692,1552.0338461538458,476.7353846153846,2,1998
1998-09-30,288.6454545454545,259.7469696969697,40364.878787878784,174.58939393939403,436.619696969697,424.10606060606074,12291.057575757573,1082.722727272727,1060.1015151515148,11851.28939393939,382713.3227272727,1793.072727272727,481.76363636363635,3,1998
1998-12-31,293.5666666666666,249.60303030303035,35041.910606060585,175.13787878787875,452.8439393939394,399.33030303030296,12452.904545454543,1101.1060606060607,1078.19696969697,10840.818181818186,375777.3393939395,1698.6939393939401,470.9242424242425,4,1998
1999-03-31,286.79843750000003,255.80312500000005,33421.548437499994,175.58437500000005,433.6265625000002,409.1656249999999,12182.140625000002,1075.6578125,1053.3390624999997,10627.426562499997,343520.66406249994,1750.5734375,452.3187500000001,1,1999
1999-06-30,273.403076923077,258.6215384615384,33023.75846153847,170.1707692307692,402.8015384615384,413.73999999999984,11720.267692307696,1025.3230769230768,1004.1338461538462,10165.38153846154,325615.51230769226,1675.316923076923,418.43384615384616,2,1999
1999-09-30,259.1424242424242,247.05303030303028,29324.571212121216,161.77272727272725,384.95606060606076,395.81515151515146,11252.55454545454,971.8515151515153,951.7651515151512,9951.489393939393,309668.9363636364,1579.7878787878794,398.4772727272728,3,1999
1999-12-31,295.5666666666665,284.9681818181818,30857.19242424243,181.280303030303,435.11212121212117,456.07121212121206,12838.85606060606,1108.428787878788,1085.5121212121212,11459.003030303029,346454.13939393935,1811.1393939393938,459.030303030303,4,1999
2000-03-31,290.19076923076915,294.33846153846156,31053.090769230766,180.78461538461536,421.7892307692307,473.0753846153846,12645.690769230769,1088.2384615384613,1065.7661538461539,10933.89230769231,326441.6046153846,1830.62,460.4092307692308,1,2000
2000-06-30,280.10769230769233,300.14,29882.13076923078,182.96461538461534,414.6569230769232,469.1907692307692,12356.672307692303,1050.473846153846,1028.7507692307693,10835.346153846156,312602.68307692313,1924.4184615384609,475.2261538461537,2,2000
2000-09-30,276.52307692307716,305.5984615384615,29765.24000000001,187.08615384615382,409.7892307692308,471.8384615384617,12566.840000000002,1037.0784615384619,1015.5630769230768,11336.23076923077,308309.55538461544,1935.9215384615386,481.5153846153849,3,2000
2000-12-31,269.2600000000001,309.856923076923,29576.832307692308,186.13846153846157,410.73384615384606,469.6830769230768,12549.989230769226,1009.8615384615387,988.896923076923,11686.28307692308,314251.5876923077,2046.5876923076921,505.74923076923073,4,2000
2001-03-31,263.70307692307694,285.8030769230769,31149.847692307692,180.71538461538455,402.8046153846153,438.1353846153846,12275.675384615382,988.9076923076924,968.4846153846154,11408.295384615383,335461.84,2062.4846153846156,497.3369230769233,1,2001
2001-06-30,267.78307692307686,306.86307692307685,32815.64307692307,188.46615384615384,412.56153846153853,468.9676923076923,12555.883076923077,1004.2369230769232,983.5015384615385,12159.798461538461,349564.9707692308,2150.876923076923,521.3676923076923,2,2001
2001-09-30,274.16307692307674,307.92923076923086,33311.18307692307,190.73076923076923,423.4923076923077,463.9615384615385,12964.083076923078,1028.183076923077,1006.9184615384613,12322.670769230766,354817.76307692326,2298.9584615384615,534.2723076923079,3,2001
2001-12-31,278.5712121212121,311.14545454545475,34446.79848484849,193.03636363636366,440.390909090909,458.6742424242425,13361.896969696967,1044.6939393939392,1023.1212121212124,12357.97878787879,360171.8015151515,2835.1651515151507,544.7893939393939,4,2001
2002-03-31,290.05,330.73906250000016,38398.97656249999,203.340625,462.3984375000001,487.30625,14081.801562500003,1087.7093750000006,1065.3125000000002,12689.085937500002,382868.13906250015,3343.375,559.6562500000001,1,2002
2002-06-30,312.6553846153847,340.37846153846147,39640.56307692308,213.9061538461539,486.0523076923078,498.4738461538462,15297.841538461536,1172.4846153846152,1148.3261538461538,13379.349230769227,396470.3892307693,3267.6630769230774,567.6415384615386,2,2002
2002-09-30,314.0939393939395,319.21515151515155,37462.09393939395,202.74393939393934,490.87121212121195,467.2075757575758,15257.092424242426,1177.8818181818187,1153.566666666667,13212.225757575756,376000.8454545456,3271.5742424242417,573.9606060606061,3,2002
2002-12-31,323.27878787878797,322.89393939393943,39556.74393939394,205.59393939393934,507.3045454545455,473.37272727272716,15589.184848484845,1212.321212121212,1187.3272727272729,14031.248484848484,394244.559090909,3110.8484848484854,579.3212121212123,4,2002
2003-03-31,352.0312499999999,328.06874999999997,41869.2734375,219.528125,532.2312499999999,480.86875000000003,16814.117187499996,1320.1343749999996,1292.95625,15069.018750000001,422691.5781249999,2939.1453125,594.1234374999999,1,2003
2003-06-30,346.56615384615367,304.95692307692315,41059.79384615386,214.03846153846155,484.2953846153844,462.68769230769243,16303.33384615385,1299.635384615385,1272.8646153846153,14636.047692307697,418654.343076923,2680.0092307692307,541.156923076923,2,2003
2003-09-30,363.11363636363626,322.48787878787874,42610.46363636363,225.48181818181817,500.97424242424233,498.2196969696969,16696.972727272725,1361.7136363636362,1333.6363636363637,14988.08787878788,426421.03181818186,2688.868181818182,551.1924242424242,3,2003
2003-12-31,392.2863636363635,329.0696969696969,42653.93939393939,229.62272727272736,516.189393939394,511.389393939394,17845.157575757574,1471.1045454545458,1440.7469696969692,15605.263636363643,463631.7818181818,2640.028787878787,547.0818181818182,4,2003
2004-03-31,408.58923076923065,326.86307692307696,43790.579999999994,222.3938461538462,538.5692307692308,512.5507692307691,18463.83076923078,1532.1646153846154,1500.6753846153842,16024.93384615385,478836.0015384615,2764.476923076923,534.1984615384614,1,2004
2004-06-30,394.02,326.9784615384615,43182.881538461545,218.0430769230769,535.2446153846153,502.9153846153845,17655.927692307687,1477.5892307692309,1447.1800000000003,15853.600000000004,457786.71384615387,2592.6476923076925,551.5446153846152,2,2004
2004-09-30,401.3833333333334,328.369696969697,44118.963636363645,220.79090909090908,525.0424242424243,504.47424242424245,18509.096969696973,1505.2060606060609,1474.210606060606,16575.896969696976,463425.8954545455,2559.8772727272717,565.5409090909092,3,2004
2004-12-31,434.1742424242423,334.53636363636355,45866.58484848485,232.63030303030303,529.7318181818181,512.9696969696971,19471.14848484849,1628.1924242424245,1594.5893939393932,17455.695454545465,473544.7803030303,2621.5409090909097,572.8878787878788,4,2004
2005-03-31,427.43281250000007,326.0609375000001,44679.9828125,226.115625,524.1125,505.09062499999993,18661.120312500003,1602.8984374999995,1569.7937500000003,16499.6671875,436848.2671875,2568.8890625,549.7984374999999,1,2005
2005-06-30,427.39846153846145,339.7784615384616,45963.56153846154,230.4323076923076,531.8153846153847,524.4938461538461,18625.921538461538,1602.776923076923,1569.7261538461541,17144.552307692305,430975.85384615365,2743.3230769230754,556.0384615384617,2,2005
2005-09-30,439.69393939393933,360.5060606060607,48890.263636363656,246.29393939393933,528.2242424242426,560.021212121212,19196.365151515154,1648.9590909090914,1614.845454545455,18151.70757575758,452605.4696969697,2858.9909090909096,578.5045454545453,3,2005
2005-12-31,485.38769230769225,408.48153846153855,56943.14307692305,277.84615384615387,569.54,632.1569230769232,22017.521538461544,1820.443076923077,1782.763076923077,19924.370769230765,502835.7830769232,3167.6338461538453,653.0784615384619,4,2005
2006-03-31,553.4553846153844,460.2307692307692,64697.1846153846,315.8923076923077,639.3600000000001,717.7184615384613,24530.186153846156,2075.543076923077,2032.7415384615385,21754.269230769238,540249.4276923077,3406.0107692307683,749.4092307692305,1,2006
2006-06-30,627.1276923076923,498.4446153846155,71633.60923076923,342.8307692307693,703.36,779.1107692307695,28491.366153846146,2351.8692307692304,2303.324615384614,23893.31384615384,595131.5169230768,4049.073846153846,838.6476923076923,2,2006
2006-09-30,621.6800000000001,487.83230769230767,72240.03384615385,331.6,696.9446153846156,769.24,28832.786153846166,2331.4892307692303,2283.3461538461543,23422.763076923075,593833.6353846153,4440.393846153845,820.9953846153848,3,2006
2006-12-31,613.8523076923077,475.8430769230771,72274.76769230768,320.3230769230768,699.4984615384612,758.0784615384617,27598.296923076923,2301.9215384615386,2254.575384615384,22429.86153846154,575758.2938461539,4483.638461538462,796.6353846153845,4,2006
2007-03-31,649.5600000000002,495.5799999999999,77532.69384615385,332.3246153846153,761.0123076923077,801.0030769230768,28666.981538461543,2435.966153846154,2385.386153846154,22289.84923076923,609902.1553846155,4702.416923076923,826.1353846153846,1,2007
2007-06-30,667.2230769230771,494.7446153846155,80570.02153846151,335.89538461538456,732.7753846153847,815.136923076923,27532.93384615384,2502.3538461538456,2450.3307692307703,23150.20615384616,619806.4938461542,4730.996923076923,802.6261538461536,2,2007
2007-09-30,679.8584615384616,494.5153846153846,80047.48923076922,336.4046153846154,710.5799999999998,814.8553846153848,27553.26307692308,2548.9492307692294,2496.7030769230773,23149.507692307692,630627.7153846151,4828.9400000000005,802.9538461538463,3,2007
2007-12-31,788.09696969697,544.1318181818182,89136.05151515151,385.72121212121215,772.9348484848485,903.2606060606063,31111.91818181818,2946.9893939393946,2893.459090909091,26730.554545454535,726188.709090909,5337.221212121212,886.566666666667,4,2007
2008-03-31,923.4830769230774,616.1307692307695,97154.22153846157,466.69538461538457,927.4646153846153,986.063076923077,36774.624615384615,3462.5784615384614,3391.2953846153837,29923.21384615384,883326.0015384612,6971.496923076921,1020.3246153846153,1,2008
2008-06-30,896.1215384615389,573.5123076923078,93714.08923076921,454.63692307692304,905.1107692307694,924.3400000000003,37319.12615384614,3360.789230769231,3291.2923076923066,28924.086153846136,911635.0384615383,6965.672307692305,949.9384615384615,2,2008
2008-09-30,870.8893939393943,578.6318181818181,93634.58787878786,459.75606060606054,905.30303030303,932.1242424242423,38124.192424242414,3266.362121212122,3198.7772727272727,29475.24696969698,926981.3015151516,6764.974242424242,980.7348484848482,3,2008
2008-12-31,798.1287878787883,604.0984848484848,76619.23181818183,509.61515151515147,965.4030303030302,920.5636363636361,38899.71212121213,2996.4212121212113,2931.615151515152,27797.427272727276,1083536.5,7899.918181818185,1187.0545454545452,4,2008
2009-03-31,907.8234375000004,696.896875,85121.58437499998,633.4984374999999,1131.2125,1042.8781250000002,45269.215625000004,3405.0265624999997,3334.4453125000014,32090.240624999995,1286409.4937499997,9030.259375000001,1368.978125000001,1,2009
2009-06-30,920.9138461538467,676.0246153846155,89670.89692307696,594.4923076923076,1074.4292307692306,1023.4153846153846,44937.206153846135,3453.5830769230784,3382.118461538461,31974.141538461547,1183156.318461538,7788.144615384615,1211.8446153846146,2,2009
2009-09-30,959.9439393939397,671.068181818182,89786.90000000001,585.2636363636364,1053.386363636364,1019.6409090909092,46459.00757575759,3599.954545454545,3525.7833333333324,32596.698484848494,1188918.4393939395,7486.122727272729,1151.8136363636363,3,2009
2009-12-31,1098.8106060606065,744.1106060606061,98687.94242424243,672.7484848484851,1159.2833333333328,1122.2636363636364,51241.850000000006,4120.886363636365,4035.884848484849,36594.98787878788,1283269.1606060602,8228.087878787877,1208.816666666667,4,2009
2010-03-31,1108.8000000000006,801.7421875,100602.96406249996,711.7593750000001,1153.1859375,1172.6687500000003,50908.774999999994,4158.078125,4072.2625,36466.07812499999,1268468.9687500002,8323.55,1226.1437499999997,1,2010
2010-06-30,1194.3984615384616,941.1723076923079,109950.41538461536,801.4507692307689,1228.5615384615382,1324.029230769231,54559.30153846154,4479.226153846153,4386.923076923078,38681.01692307695,1393589.9246153843,9021.206153846155,1356.5169230769231,2,2010
2010-09-30,1226.8818181818183,949.1378787878789,105160.22424242421,791.1378787878789,1275.15,1264.0424242424237,57009.77575757574,4601.036363636364,4506.233333333334,38784.2090909091,1450426.7151515149,8972.693939393937,1356.3318181818186,3,2010
2010-12-31,1367.6818181818185,1008.3424242424244,112908.37424242427,865.9530303030303,1384.636363636364,1331.5848484848484,61357.99848484848,5129.030303030302,5023.339393939395,41009.992424242424,1548783.281818182,9435.863636363638,1383.856060606061,4,2010
2011-03-31,1386.5750000000005,1012.9515624999999,114077.084375,865.2671874999997,1366.4031250000003,1304.5453124999997,62756.86093750001,5199.984375000003,5092.775,42339.1015625,1552764.7328125003,9697.931250000001,1379.321875,1,2011
2011-06-30,1507.3938461538467,1047.2353846153844,122895.29076923075,924.364615384615,1459.3630769230765,1310.2369230769232,67427.49384615384,5652.915384615383,5536.499999999999,45635.24153846153,1632482.0015384613,10241.41846153846,1418.507692307692,2,2011
2011-09-30,1703.4212121212122,1207.1227272727272,132179.24090909088,1058.5515151515153,1671.3651515151514,1405.1924242424247,78134.74848484847,6388.315151515149,6256.572727272729,51318.91515151516,1848396.3318181818,12194.178787878787,1624.6621212121213,3,2011
2011-12-31,1681.8307692307692,1248.3584615384616,130057.4046153846,1069.833846153846,1720.5923076923077,1534.6138461538458,85550.52307692308,6307.469230769229,6177.361538461538,52135.838461538464,1924047.5430769236,13621.084615384614,1661.2292307692317,4,2011
2012-03-31,1688.1184615384618,1287.6046153846153,133893.0,1074.4553846153844,1690.4538461538461,1555.1661538461537,84819.69384615388,6330.9815384615395,6200.46,52319.11692307692,1908989.6738461533,13090.324615384614,1599.733846153846,1,2012
2012-06-30,1610.5800000000002,1255.5553846153844,128997.50615384616,1017.8015384615384,1626.8615384615384,1508.4599999999996,87057.63999999996,6040.15076923077,5915.6492307692315,50388.92769230767,1855668.0261538455,13081.436923076923,1594.7923076923073,2,2012
2012-09-30,1652.2415384615385,1320.4230769230771,129869.17692307696,1045.4492307692308,1644.1492307692313,1589.2015384615383,91165.42461538463,6196.195384615384,6068.643076923077,51798.45538461538,1871356.7215384617,13647.90307692308,1590.3692307692313,3,2012
2012-12-31,1717.6393939393945,1324.210606060606,139416.39242424243,1069.571212121212,1702.3681818181822,1599.4166666666674,93051.43030303033,6441.446969696972,6308.839393939391,52693.08181818181,1872929.9015151518,14928.271212121213,1654.3303030303032,4,2012
2013-03-31,1631.671875000001,1236.0703125,150262.6953125,1051.1125,1644.7562500000008,1517.5515625,88412.42031250002,6119.096875000001,5993.0875,48643.72499999999,1769550.9453125007,14599.509374999996,1570.6031249999994,1,2013
2013-06-30,1418.1015384615393,1086.212307692308,139981.5461538462,923.6938461538463,1450.744615384616,1336.8692307692306,79050.50307692308,5318.127692307694,5208.579999999999,42297.43384615386,1590817.4676923077,13406.718461538465,1428.9076923076923,2,2013
2013-09-30,1327.0787878787885,1001.9075757575756,131226.07272727275,855.922727272727,1378.9106060606061,1236.7272727272725,82531.95151515146,4976.972727272729,4874.303030303032,41777.71969696968,1472172.9848484849,13255.67121212121,1449.431818181819,3,2013
2013-12-31,1271.5818181818188,934.0909090909091,127612.32878787878,785.5969696969701,1334.0257575757578,1148.277272727272,78874.16818181818,4768.877272727274,4670.472727272729,40340.513636363634,1350352.059090909,12908.278787878788,1370.9984848484848,4,2013
2014-03-31,1291.6921875000007,942.4078125000005,132748.965625,780.2999999999997,1424.4390625,1152.88125,79764.02031250003,4844.296874999999,4744.3203125,42176.5265625,1380830.2859375,14018.612500000003,1439.7656250000005,1,2014
2014-06-30,1288.667692307693,939.5830769230772,131570.47999999998,765.6015384615386,1405.5584615384619,1145.4276923076925,77095.00153846154,4833.08923076923,4733.210769230768,41816.344615384616,1326208.0723076924,13584.823076923078,1381.7061538461537,2,2014
2014-09-30,1281.8893939393945,967.0181818181819,133191.60303030303,767.6318181818183,1394.7878787878794,1171.5651515151515,77662.83939393939,4807.6272727272735,4708.313636363636,41159.20606060606,1315408.342424242,13794.442424242427,1385.337878787879,3,2014
2014-12-31,1200.3242424242428,961.1045454545455,137407.5015151515,758.3424242424244,1363.4833333333331,1157.5348484848485,74380.05757575756,4503.895454545454,4408.748484848485,39275.692424242414,1304388.6136363633,13471.542424242425,1404.8000000000004,4,2014
2015-03-31,1218.2750000000005,1081.7531250000002,145144.7578125,804.3984374999998,1509.8484374999998,1160.5218750000004,75828.57343749999,4571.8375,4474.670312499999,39777.77656250001,1339990.353125,14302.003124999996,1548.5625000000005,1,2015
2015-06-30,1192.48,1078.3230769230772,144742.6876923077,778.4753846153848,1466.752307692308,1122.7815384615383,75653.34769230767,4472.1030769230765,4379.972307692309,39640.90307692308,1307608.075384615,14414.866153846155,1533.7615384615383,2,2015
2015-09-30,1124.487878787879,1011.5681818181819,137361.13636363635,726.1560606060607,1471.0545454545452,1084.957575757576,73055.69696969696,4217.3015151515165,4130.143939393939,39632.75454545455,1315552.2712121203,14616.709090909095,1550.9984848484855,3,2015
2015-12-31,1104.0257575757582,1007.981818181818,134008.70909090908,727.8333333333334,1474.0196969696972,1093.4151515151514,72782.86818181816,4141.306060606058,4054.9560606060622,39564.50757575759,1277419.8393939391,15690.669696969697,1533.0257575757578,4,2015
2016-03-31,1181.8738461538464,1071.3676923076923,135986.24615384612,826.2723076923075,1620.5769230769229,1173.641538461538,79760.7446153846,4433.156923076924,4340.943076923077,42110.00307692309,1419033.3569230763,18663.101538461542,1635.6876923076925,1,2016
2016-06-30,1259.3769230769237,1115.34,135843.3723076923,878.2953846153844,1623.3538461538467,1222.050769230769,84266.4630769231,4723.036923076923,4625.6030769230765,44416.812307692315,1464672.4892307692,18898.46769230769,1690.0600000000002,2,2016
2016-09-30,1334.5545454545459,1195.7045454545457,136587.23787878786,1016.709090909091,1740.6848484848488,1301.8484848484845,89361.06969696964,5005.431818181819,4901.798484848484,46474.89696969696,1494653.0742424247,18758.731818181823,1759.5742424242426,3,2016
2016-12-31,1216.2507692307688,1128.0,133017.08615384615,980.2446153846153,1623.0061538461541,1217.5523076923075,81948.22461538465,4561.969230769231,4467.169230769231,43041.887692307704,1407627.296923077,16924.89076923078,1623.1276923076923,4,2016
2017-03-31,1218.3784615384616,1143.2061538461533,138378.3076923077,983.1723076923078,1612.7430769230766,1222.6430769230772,81585.3107692308,4569.335384615384,4474.93076923077,42780.75384615385,1403494.4015384614,16100.427692307698,1607.3215384615385,1,2017
2017-06-30,1257.746153846154,1142.626153846154,139722.88615384616,982.7123076923077,1690.7553846153846,1238.044615384616,81087.17692307691,4716.981538461538,4619.607692307692,43153.06615384617,1421088.3246153847,16586.946153846162,1675.133846153846,2,2017
2017-09-30,1278.0415384615394,1087.4953846153842,141769.63692307693,976.7276923076921,1601.1753846153845,1230.436923076923,82156.76153846149,4792.84923076923,4694.167692307691,42653.27230769232,1447358.570769231,16850.616923076923,1618.6015384615387,3,2017
2017-12-31,1275.1830769230774,1082.9907692307693,143959.08923076926,961.0907692307695,1621.0953846153852,1258.6769230769225,82553.0076923077,4782.275384615383,4683.578461538458,42003.78307692309,1412331.7276923077,17375.969230769235,1659.1076923076919,4,2017
2018-03-31,1328.64,1081.350769230769,143928.0846153846,954.9630769230766,1680.5784615384619,1260.4000000000005,85510.26923076923,4982.664615384614,4879.99230769231,41944.14461538462,1425114.8753846153,15904.504615384614,1690.5307692307697,1,2018
2018-06-30,1306.3030769230772,1096.4938461538463,142567.9076923077,960.4399999999999,1686.1784615384613,1287.2799999999997,87529.11692307689,4898.8923076923065,4798.109230769231,41678.23384615384,1409874.3876923076,16526.44461538461,1726.3,2,2018
2018-09-30,1212.9799999999998,1042.7692307692307,135212.3276923077,930.6276923076922,1585.4261538461533,1193.7215384615386,85038.9815384615,4549.169230769232,4455.350769230769,40013.67692307692,1360108.476923077,17040.870769230765,1658.0738461538463,3,2018
2018-12-31,1228.5575757575757,1076.6666666666665,138488.21212121213,955.2954545454546,1623.4893939393937,1223.2818181818182,88561.11515151516,4608.8121212121205,4512.560606060605,40319.32272727274,1385156.9318181816,17551.962121212124,1713.2575757575758,4,2018
2019-03-31,1303.4218750000005,1147.7999999999997,143563.21406250005,1001.0875000000001,1733.3640625000007,1299.2312500000005,91883.734375,4888.448437499998,4787.545312500001,41231.2203125,1466621.8078124998,18276.115625000006,1829.7968750000002,1,2019
2019-06-30,1307.4830769230764,1163.4292307692306,143710.27999999997,1017.3323076923074,1748.961538461538,1310.8092307692305,90940.24923076926,4903.372307692305,4802.466153846154,41315.73846153845,1525541.9707692312,18800.270769230763,1867.816923076923,2,2019
2019-09-30,1472.9727272727275,1325.0666666666668,158069.68333333332,1195.2939393939396,1945.5409090909088,1452.1787878787884,103735.1212121212,5524.692424242425,5410.334848484849,45230.116666666676,1759912.762121212,21630.218181818185,2149.2303030303037,3,2019
2019-12-31,1481.5515151515156,1338.0924242424237,161064.2606060606,1151.459090909091,1955.4909090909096,1466.2636363636366,105527.81666666664,5556.58787878788,5441.796969696969,44845.893939393936,1742044.778787879,21778.246969696967,2167.3787878787875,4,2019
2020-03-31,1581.7723076923073,1435.256923076923,172344.1723076923,1237.0061538461541,2126.2276923076925,1531.450769230769,114591.10923076923,5935.375384615382,5810.010769230769,49479.69076923074,1887866.6646153848,24321.36,2408.82,1,2020
2020-06-30,1710.4538461538466,1553.0707692307697,183931.36153846147,1377.761538461539,2369.5569230769224,1647.910769230769,129771.55076923079,6423.453846153846,6282.623076923079,54648.51692307695,2087301.2199999997,30676.88153846153,2603.181538461539,2,2020
2020-09-30,1909.3242424242414,1632.5803030303027,202614.64999999997,1477.3530303030304,2543.3348484848484,1755.495454545455,141988.44393939388,7161.093939393939,7013.116666666666,59846.999999999985,2267253.8909090916,32282.534848484847,2668.8136363636363,3,2020
2020-12-31,1903.3428571428572,1617.7,201195.5,1470.9285714285713,2523.0714285714284,1744.2285714285715,139420.21428571426,7139.3,6991.2,59611.68571428572,2210058.671428571,31471.3,2652.9000000000005,4,2020
